class_name,true_cho,pred_cho,true_jung,pred_jung,correct
bak,b,b,a,eo,False
bak,b,b,a,i,False
bak,b,bb,a,i,False
bak,b,gg,a,i,False
bak,b,n,a,yae,False
bak,b,n,a,i,False
bak,b,bb,a,ae,False
bak,b,bb,a,i,False
bak,b,p,a,i,False
bak,b,bb,a,i,False
bak,b,b,a,ae,False
bak,b,bb,a,ae,False
bak,b,bb,a,i,False
bak,b,bb,a,ae,False
bak,b,n,a,ae,False
bak,b,bb,a,ae,False
bak,b,n,a,i,False
bak,b,bb,a,i,False
bak,b,bb,a,i,False
bak,b,bb,a,i,False
bak,b,n,a,i,False
bak,b,bb,a,ae,False
bak,b,bb,a,i,False
bak,b,bb,a,i,False
bak,b,bb,a,eo,False
bak,b,bb,a,eo,False
bak,b,bb,a,i,False
bak,b,bb,a,i,False
bak,b,bb,a,i,False
bak,b,bb,a,i,False
bak,b,bb,a,ae,False
bak,b,gg,a,i,False
bak,b,n,a,i,False
bak,b,b,a,ae,False
bak,b,bb,a,ae,False
bak,b,bb,a,ae,False
bak,b,n,a,i,False
bak,b,n,a,i,False
bak,b,bb,a,yae,False
bak,b,bb,a,i,False
bak,b,b,a,ae,False
bak,b,bb,a,ae,False
bak,b,bb,a,i,False
bak,b,n,a,yae,False
bak,b,bb,a,eo,False
bak,b,n,a,ae,False
bak,b,bb,a,i,False
bak,b,n,a,i,False
bak,b,bb,a,ae,False
bak,b,bb,a,i,False
bak,b,bb,a,i,False
bak,b,bb,a,yae,False
bak,b,bb,a,e,False
bak,b,n,a,yae,False
bak,b,bb,a,i,False
bak,b,bb,a,ae,False
bak,b,gg,a,i,False
bak,b,bb,a,yae,False
bak,b,bb,a,yae,False
bak,b,bb,a,i,False
bak,b,bb,a,eo,False
bak,b,bb,a,ae,False
bak,b,bb,a,i,False
bak,b,bb,a,i,False
bak,b,n,a,ae,False
bak,b,bb,a,ae,False
bak,b,bb,a,ae,False
bak,b,bb,a,yae,False
bak,b,gg,a,ae,False
bak,b,bb,a,ae,False
bak,b,bb,a,ae,False
bak,b,bb,a,ae,False
bak,b,bb,a,i,False
bak,b,bb,a,yae,False
bak,b,bb,a,ae,False
bak,b,bb,a,ae,False
bak,b,bb,a,ae,False
bak,b,bb,a,ae,False
bak,b,bb,a,i,False
bak,b,n,a,a,False
bak,b,bb,a,i,False
bak,b,bb,a,ae,False
bak,b,bb,a,i,False
bak,b,bb,a,eo,False
bak,b,bb,a,ae,False
bak,b,bb,a,yae,False
bak,b,bb,a,yae,False
bak,b,bb,a,ae,False
bak,b,bb,a,eo,False
bak,b,bb,a,i,False
bak,b,bb,a,ae,False
bak,b,bb,a,yae,False
bak,b,n,a,eu,False
bak,b,gg,a,yae,False
bak,b,bb,a,ae,False
bak,b,bb,a,ae,False
bak,b,bb,a,i,False
bak,b,bb,a,i,False
bak,b,bb,a,ae,False
bak,b,bb,a,i,False
bo,b,m,o,yae,False
bo,b,gg,o,ae,False
bo,b,n,o,i,False
bo,b,n,o,i,False
bo,b,n,o,i,False
bo,b,n,o,ae,False
bo,b,n,o,ae,False
bo,b,n,o,ae,False
bo,b,n,o,i,False
bo,b,gg,o,ae,False
bo,b,gg,o,ae,False
bo,b,gg,o,ae,False
bo,b,n,o,i,False
bo,b,gg,o,i,False
bo,b,n,o,i,False
bo,b,n,o,i,False
bo,b,gg,o,i,False
bo,b,n,o,i,False
bo,b,n,o,i,False
bo,b,gg,o,ae,False
bo,b,n,o,yae,False
bo,b,m,o,ae,False
bo,b,n,o,ae,False
bo,b,n,o,i,False
bo,b,n,o,i,False
bo,b,g,o,i,False
bo,b,n,o,i,False
bo,b,n,o,yae,False
bo,b,p,o,i,False
bo,b,n,o,a,False
bo,b,n,o,i,False
bo,b,gg,o,i,False
bo,b,n,o,i,False
bo,b,gg,o,eo,False
bo,b,n,o,yae,False
bo,b,g,o,ae,False
bo,b,n,o,yae,False
bo,b,gg,o,i,False
bo,b,n,o,i,False
bo,b,g,o,a,False
bo,b,n,o,yae,False
bo,b,n,o,i,False
bo,b,bb,o,i,False
bo,b,gg,o,e,False
bo,b,n,o,yae,False
bo,b,n,o,i,False
bo,b,n,o,ae,False
bo,b,n,o,ae,False
bo,b,n,o,i,False
bo,b,p,o,ae,False
bo,b,n,o,ae,False
bo,b,p,o,ae,False
bo,b,n,o,i,False
bo,b,bb,o,a,False
bo,b,n,o,yae,False
bo,b,gg,o,i,False
bo,b,n,o,i,False
bo,b,n,o,i,False
bo,b,n,o,i,False
bo,b,gg,o,ae,False
bo,b,n,o,yae,False
bo,b,n,o,ae,False
bo,b,n,o,eo,False
bo,b,n,o,i,False
bo,b,n,o,i,False
bo,b,n,o,yae,False
bo,b,g,o,a,False
bo,b,g,o,ae,False
bo,b,gg,o,ae,False
bo,b,gg,o,ae,False
bo,b,n,o,i,False
bo,b,n,o,ya,False
bo,b,n,o,eo,False
bo,b,gg,o,ae,False
bo,b,n,o,yae,False
bo,b,gg,o,i,False
bo,b,b,o,ae,False
bo,b,gg,o,yae,False
bo,b,n,o,i,False
bo,b,gg,o,i,False
bo,b,n,o,yae,False
bo,b,g,o,i,False
bo,b,g,o,ae,False
bo,b,g,o,ae,False
bo,b,n,o,i,False
bo,b,m,o,ae,False
bo,b,bb,o,i,False
bo,b,n,o,i,False
bo,b,n,o,i,False
bo,b,b,o,i,False
bo,b,m,o,ae,False
bo,b,gg,o,ae,False
bo,b,n,o,i,False
bo,b,bb,o,ae,False
bo,b,p,o,ae,False
bo,b,n,o,i,False
bo,b,n,o,a,False
bo,b,n,o,yae,False
bo,b,gg,o,i,False
bo,b,n,o,i,False
bu,b,n,u,i,False
bu,b,n,u,i,False
bu,b,b,u,yae,False
bu,b,n,u,i,False
bu,b,m,u,ae,False
bu,b,p,u,ae,False
bu,b,g,u,yae,False
bu,b,gg,u,ae,False
bu,b,n,u,ae,False
bu,b,p,u,i,False
bu,b,n,u,yae,False
bu,b,n,u,ae,False
bu,b,g,u,ae,False
bu,b,p,u,ae,False
bu,b,m,u,i,False
bu,b,gg,u,ae,False
bu,b,gg,u,i,False
bu,b,gg,u,ae,False
bu,b,n,u,yae,False
bu,b,n,u,ae,False
bu,b,n,u,i,False
bu,b,n,u,ae,False
bu,b,b,u,yae,False
bu,b,g,u,ae,False
bu,b,n,u,i,False
bu,b,gg,u,ae,False
bu,b,b,u,i,False
bu,b,n,u,i,False
bu,b,p,u,eo,False
bu,b,g,u,ae,False
bu,b,n,u,ae,False
bu,b,b,u,yae,False
bu,b,gg,u,ae,False
bu,b,gg,u,ae,False
bu,b,n,u,yae,False
bu,b,gg,u,e,False
bu,b,g,u,ae,False
bu,b,n,u,yae,False
bu,b,n,u,yae,False
bu,b,n,u,eo,False
bu,b,n,u,i,False
bu,b,n,u,i,False
bu,b,n,u,ae,False
bu,b,g,u,ae,False
bu,b,n,u,yae,False
bu,b,n,u,yae,False
bu,b,g,u,ae,False
bu,b,gg,u,ae,False
bu,b,n,u,yae,False
bu,b,bb,u,i,False
bu,b,b,u,ae,False
bu,b,n,u,ae,False
bu,b,gg,u,ae,False
bu,b,n,u,ae,False
bu,b,n,u,ae,False
bu,b,p,u,yae,False
bu,b,bb,u,i,False
bu,b,n,u,ae,False
bu,b,gg,u,ae,False
bu,b,gg,u,e,False
bu,b,n,u,ae,False
bu,b,n,u,ae,False
bu,b,gg,u,ae,False
bu,b,n,u,ae,False
bu,b,m,u,yae,False
bu,b,m,u,ae,False
bu,b,g,u,yae,False
bu,b,gg,u,i,False
bu,b,gg,u,ae,False
bu,b,g,u,ae,False
bu,b,b,u,e,False
bu,b,gg,u,ae,False
bu,b,n,u,ae,False
bu,b,n,u,ae,False
bu,b,b,u,ae,False
bu,b,n,u,i,False
bu,b,gg,u,ae,False
bu,b,g,u,ae,False
bu,b,p,u,e,False
bu,b,gg,u,i,False
bu,b,n,u,ae,False
bu,b,n,u,ae,False
bu,b,m,u,ae,False
bu,b,n,u,ae,False
bu,b,n,u,ya,False
bu,b,bb,u,yae,False
bu,b,gg,u,ae,False
bu,b,n,u,yae,False
bu,b,g,u,ae,False
bu,b,gg,u,yae,False
bu,b,b,u,i,False
bu,b,g,u,i,False
bu,b,b,u,i,False
bu,b,n,u,ae,False
bu,b,n,u,ae,False
bu,b,n,u,ae,False
bu,b,b,u,ae,False
bu,b,n,u,yae,False
bu,b,gg,u,ae,False
bu,b,n,u,i,False
choe,ch,bb,o,ye,False
choe,ch,g,o,ae,False
choe,ch,p,o,ae,False
choe,ch,k,o,yae,False
choe,ch,k,o,ae,False
choe,ch,gg,o,ae,False
choe,ch,gg,o,ae,False
choe,ch,bb,o,ye,False
choe,ch,k,o,ae,False
choe,ch,k,o,ye,False
choe,ch,k,o,ae,False
choe,ch,g,o,ye,False
choe,ch,n,o,yae,False
choe,ch,bb,o,ae,False
choe,ch,bb,o,ye,False
choe,ch,bb,o,ae,False
choe,ch,bb,o,ae,False
choe,ch,bb,o,i,False
choe,ch,g,o,i,False
choe,ch,bb,o,ae,False
choe,ch,bb,o,ye,False
choe,ch,g,o,i,False
choe,ch,bb,o,ae,False
choe,ch,g,o,ae,False
choe,ch,gg,o,ae,False
choe,ch,b,o,i,False
choe,ch,bb,o,i,False
choe,ch,gg,o,ae,False
choe,ch,t,o,i,False
choe,ch,g,o,ae,False
choe,ch,gg,o,ae,False
choe,ch,g,o,e,False
choe,ch,b,o,i,False
choe,ch,g,o,i,False
choe,ch,bb,o,i,False
choe,ch,bb,o,a,False
choe,ch,b,o,yae,False
choe,ch,gg,o,ae,False
choe,ch,k,o,ae,False
choe,ch,gg,o,ae,False
choe,ch,bb,o,i,False
choe,ch,g,o,i,False
choe,ch,b,o,ae,False
choe,ch,g,o,ae,False
choe,ch,gg,o,ae,False
choe,ch,b,o,yae,False
choe,ch,bb,o,ae,False
choe,ch,b,o,ye,False
choe,ch,gg,o,i,False
choe,ch,k,o,ae,False
choe,ch,bb,o,yae,False
choe,ch,bb,o,i,False
choe,ch,gg,o,ae,False
choe,ch,gg,o,ae,False
choe,ch,bb,o,i,False
choe,ch,gg,o,ae,False
choe,ch,b,o,a,False
choe,ch,gg,o,ae,False
choe,ch,bb,o,i,False
choe,ch,bb,o,yae,False
choe,ch,bb,o,i,False
choe,ch,b,o,ae,False
choe,ch,bb,o,ye,False
choe,ch,k,o,ae,False
choe,ch,g,o,ae,False
choe,ch,g,o,ae,False
choe,ch,b,o,yae,False
choe,ch,g,o,ae,False
choe,ch,gg,o,yae,False
choe,ch,k,o,yae,False
choe,ch,bb,o,ae,False
choe,ch,g,o,ye,False
choe,ch,gg,o,yae,False
choe,ch,gg,o,i,False
choe,ch,bb,o,ae,False
choe,ch,bb,o,ae,False
choe,ch,gg,o,ye,False
choe,ch,g,o,ae,False
choe,ch,gg,o,ae,False
choe,ch,g,o,ae,False
choe,ch,gg,o,ye,False
choe,ch,gg,o,ae,False
choe,ch,g,o,i,False
choe,ch,bb,o,e,False
choe,ch,gg,o,i,False
choe,ch,bb,o,ae,False
choe,ch,bb,o,eo,False
choe,ch,bb,o,i,False
choe,ch,k,o,yae,False
choe,ch,n,o,ae,False
choe,ch,gg,o,ye,False
choe,ch,g,o,i,False
choe,ch,bb,o,i,False
choe,ch,g,o,ae,False
choe,ch,bb,o,i,False
choe,ch,b,o,yae,False
choe,ch,gg,o,ae,False
choe,ch,g,o,yae,False
choe,ch,bb,o,ye,False
choe,ch,g,o,yae,False
da,d,d,a,i,False
da,d,d,a,ya,False
da,d,g,a,i,False
da,d,p,a,ya,False
da,d,d,a,ya,False
da,d,n,a,eu,False
da,d,k,a,ae,False
da,d,g,a,yae,False
da,d,d,a,ya,False
da,d,k,a,yae,False
da,d,p,a,a,False
da,d,g,a,ya,False
da,d,d,a,eu,False
da,d,g,a,ae,False
da,d,g,a,yo,False
da,d,p,a,eu,False
da,d,k,a,ae,False
da,d,d,a,ya,False
da,d,d,a,ya,False
da,d,d,a,eu,False
da,d,p,a,ae,False
da,d,g,a,eu,False
da,d,p,a,a,False
da,d,d,a,ya,False
da,d,k,a,yae,False
da,d,n,a,ae,False
da,d,k,a,ae,False
da,d,n,a,ae,False
da,d,s,a,e,False
da,d,d,a,yo,False
da,d,d,a,ya,False
da,d,p,a,ya,False
da,d,n,a,yae,False
da,d,n,a,yae,False
da,d,g,a,ya,False
da,d,d,a,eu,False
da,d,b,a,ae,False
da,d,g,a,ae,False
da,d,g,a,o,False
da,d,g,a,yae,False
da,d,g,a,ae,False
da,d,r,a,yae,False
da,d,d,a,ya,False
da,d,d,a,i,False
da,d,g,a,ae,False
da,d,g,a,yae,False
da,d,bb,a,yae,False
da,d,d,a,ya,False
da,d,g,a,i,False
da,d,g,a,ae,False
da,d,d,a,ye,False
da,d,g,a,yae,False
da,d,p,a,a,False
da,d,d,a,ya,False
da,d,r,a,eu,False
da,d,g,a,yae,False
da,d,k,a,ae,False
da,d,d,a,ya,False
da,d,gg,a,ae,False
da,d,n,a,ae,False
da,d,n,a,ae,False
da,d,r,a,i,False
da,d,d,a,a,True
da,d,d,a,ya,False
da,d,d,a,eu,False
da,d,k,a,ae,False
da,d,bb,a,yae,False
da,d,bb,a,ae,False
da,d,d,a,eu,False
da,d,p,a,ya,False
da,d,r,a,ae,False
da,d,g,a,yae,False
da,d,k,a,yae,False
da,d,bb,a,ae,False
da,d,d,a,eu,False
da,d,d,a,ya,False
da,d,k,a,i,False
da,d,k,a,ae,False
da,d,d,a,ya,False
da,d,d,a,eu,False
da,d,g,a,yae,False
da,d,d,a,eu,False
da,d,g,a,a,False
da,d,d,a,eu,False
da,d,ch,a,ae,False
da,d,d,a,eu,False
da,d,k,a,ae,False
da,d,gg,a,ae,False
da,d,n,a,i,False
da,d,m,a,eu,False
da,d,p,a,ya,False
da,d,g,a,yae,False
da,d,p,a,i,False
da,d,bb,a,yae,False
da,d,p,a,yo,False
da,d,p,a,ya,False
da,d,g,a,ya,False
da,d,p,a,i,False
da,d,g,a,a,False
da,d,k,a,a,False
dae,d,g,a,i,False
dae,d,g,a,yae,False
dae,d,g,a,yae,False
dae,d,bb,a,yae,False
dae,d,g,a,ae,False
dae,d,k,a,ae,False
dae,d,bb,a,i,False
dae,d,bb,a,ae,False
dae,d,bb,a,i,False
dae,d,d,a,a,True
dae,d,g,a,ae,False
dae,d,k,a,ae,False
dae,d,g,a,ae,False
dae,d,p,a,ae,False
dae,d,k,a,ae,False
dae,d,g,a,ae,False
dae,d,g,a,yae,False
dae,d,g,a,ae,False
dae,d,gg,a,ye,False
dae,d,g,a,yae,False
dae,d,g,a,yae,False
dae,d,bb,a,ae,False
dae,d,gg,a,yae,False
dae,d,bb,a,ae,False
dae,d,b,a,i,False
dae,d,bb,a,ae,False
dae,d,g,a,ae,False
dae,d,p,a,ye,False
dae,d,bb,a,ae,False
dae,d,g,a,yae,False
dae,d,k,a,yae,False
dae,d,k,a,yae,False
dae,d,k,a,yae,False
dae,d,p,a,ae,False
dae,d,g,a,yae,False
dae,d,bb,a,ye,False
dae,d,b,a,yae,False
dae,d,bb,a,ye,False
dae,d,g,a,i,False
dae,d,g,a,ye,False
dae,d,b,a,i,False
dae,d,k,a,yae,False
dae,d,g,a,ae,False
dae,d,bb,a,ae,False
dae,d,bb,a,ae,False
dae,d,bb,a,ae,False
dae,d,k,a,ae,False
dae,d,m,a,yae,False
dae,d,g,a,eo,False
dae,d,g,a,ae,False
dae,d,b,a,ae,False
dae,d,bb,a,ae,False
dae,d,k,a,ae,False
dae,d,d,a,yu,False
dae,d,bb,a,ae,False
dae,d,bb,a,ye,False
dae,d,g,a,eo,False
dae,d,g,a,ye,False
dae,d,g,a,ae,False
dae,d,k,a,a,False
dae,d,p,a,ae,False
dae,d,bb,a,yae,False
dae,d,k,a,ae,False
dae,d,k,a,a,False
dae,d,d,a,ae,False
dae,d,bb,a,ae,False
dae,d,gg,a,ye,False
dae,d,g,a,ae,False
dae,d,s,a,ae,False
dae,d,d,a,ae,False
dae,d,bb,a,i,False
dae,d,bb,a,ye,False
dae,d,g,a,ae,False
dae,d,bb,a,ae,False
dae,d,g,a,ae,False
dae,d,d,a,i,False
dae,d,bb,a,i,False
dae,d,bb,a,yae,False
dae,d,r,a,e,False
dae,d,g,a,e,False
dae,d,g,a,ae,False
dae,d,g,a,ae,False
dae,d,m,a,ae,False
dae,d,g,a,yae,False
dae,d,k,a,yae,False
dae,d,d,a,e,False
dae,d,n,a,ae,False
dae,d,bb,a,ye,False
dae,d,g,a,ae,False
dae,d,bb,a,yae,False
dae,d,k,a,ae,False
dae,d,g,a,ae,False
dae,d,g,a,ae,False
dae,d,g,a,yae,False
dae,d,bb,a,e,False
dae,d,d,a,ae,False
dae,d,bb,a,ye,False
dae,d,bb,a,ye,False
dae,d,g,a,ae,False
dae,d,n,a,ae,False
deul,d,n,eu,yae,False
deul,d,r,eu,ya,False
deul,d,b,eu,i,False
deul,d,d,eu,ae,False
deul,d,r,eu,i,False
deul,d,n,eu,ae,False
deul,d,n,eu,i,False
deul,d,n,eu,i,False
deul,d,d,eu,i,False
deul,d,n,eu,i,False
deul,d,n,eu,i,False
deul,d,n,eu,i,False
deul,d,n,eu,i,False
deul,d,n,eu,i,False
deul,d,d,eu,i,False
deul,d,b,eu,e,False
deul,d,n,eu,i,False
deul,d,r,eu,i,False
deul,d,n,eu,i,False
deul,d,r,eu,i,False
deul,d,n,eu,ae,False
deul,d,d,eu,yae,False
deul,d,n,eu,a,False
deul,d,b,eu,i,False
deul,d,d,eu,ae,False
deul,d,b,eu,i,False
deul,d,p,eu,i,False
deul,d,n,eu,i,False
deul,d,n,eu,i,False
deul,d,n,eu,i,False
deul,d,n,eu,i,False
deul,d,b,eu,i,False
deul,d,n,eu,i,False
deul,d,t,eu,i,False
deul,d,d,eu,i,False
deul,d,b,eu,i,False
deul,d,n,eu,ae,False
deul,d,n,eu,i,False
deul,d,d,eu,i,False
deul,d,b,eu,i,False
deul,d,d,eu,i,False
deul,d,n,eu,i,False
deul,d,r,eu,i,False
deul,d,d,eu,i,False
deul,d,d,eu,i,False
deul,d,d,eu,i,False
deul,d,n,eu,i,False
deul,d,d,eu,i,False
deul,d,r,eu,i,False
deul,d,n,eu,i,False
deul,d,n,eu,i,False
deul,d,b,eu,i,False
deul,d,t,eu,i,False
deul,d,n,eu,ae,False
deul,d,n,eu,i,False
deul,d,n,eu,eo,False
deul,d,n,eu,i,False
deul,d,t,eu,i,False
deul,d,n,eu,i,False
deul,d,d,eu,i,False
deul,d,b,eu,i,False
deul,d,m,eu,ae,False
deul,d,b,eu,i,False
deul,d,b,eu,i,False
deul,d,r,eu,i,False
deul,d,r,eu,yae,False
deul,d,p,eu,i,False
deul,d,b,eu,i,False
deul,d,d,eu,eo,False
deul,d,d,eu,i,False
deul,d,d,eu,i,False
deul,d,n,eu,i,False
deul,d,d,eu,i,False
deul,d,n,eu,i,False
deul,d,n,eu,a,False
deul,d,n,eu,i,False
deul,d,n,eu,i,False
deul,d,b,eu,i,False
deul,d,n,eu,i,False
deul,d,d,eu,i,False
deul,d,d,eu,yae,False
deul,d,p,eu,ae,False
deul,d,p,eu,i,False
deul,d,p,eu,yae,False
deul,d,n,eu,i,False
deul,d,p,eu,eo,False
deul,d,t,eu,ae,False
deul,d,n,eu,i,False
deul,d,d,eu,i,False
deul,d,d,eu,i,False
deul,d,n,eu,i,False
deul,d,n,eu,i,False
deul,d,n,eu,ya,False
deul,d,n,eu,i,False
deul,d,n,eu,ya,False
deul,d,n,eu,ya,False
deul,d,d,eu,i,False
deul,d,d,eu,i,False
deul,d,d,eu,eo,False
deul,d,n,eu,i,False
do,d,n,o,ae,False
do,d,d,o,i,False
do,d,n,o,yae,False
do,d,g,o,a,False
do,d,n,o,yae,False
do,d,d,o,i,False
do,d,r,o,yae,False
do,d,r,o,i,False
do,d,r,o,i,False
do,d,g,o,eu,False
do,d,m,o,eo,False
do,d,d,o,eo,False
do,d,d,o,ae,False
do,d,r,o,a,False
do,d,p,o,a,False
do,d,t,o,i,False
do,d,t,o,i,False
do,d,r,o,yae,False
do,d,g,o,eu,False
do,d,g,o,eu,False
do,d,r,o,eu,False
do,d,d,o,eu,False
do,d,d,o,i,False
do,d,r,o,i,False
do,d,g,o,o,False
do,d,bb,o,ae,False
do,d,t,o,i,False
do,d,n,o,yae,False
do,d,d,o,eu,False
do,d,r,o,eu,False
do,d,n,o,ya,False
do,d,r,o,yae,False
do,d,r,o,a,False
do,d,k,o,o,False
do,d,p,o,eu,False
do,d,r,o,i,False
do,d,d,o,ya,False
do,d,r,o,i,False
do,d,d,o,ya,False
do,d,r,o,i,False
do,d,d,o,eu,False
do,d,n,o,a,False
do,d,d,o,eo,False
do,d,gg,o,i,False
do,d,r,o,i,False
do,d,d,o,yae,False
do,d,r,o,i,False
do,d,d,o,eu,False
do,d,gg,o,a,False
do,d,d,o,eo,False
do,d,t,o,i,False
do,d,r,o,i,False
do,d,d,o,o,True
do,d,d,o,eu,False
do,d,t,o,o,False
do,d,g,o,o,False
do,d,g,o,o,False
do,d,d,o,eu,False
do,d,n,o,i,False
do,d,n,o,a,False
do,d,g,o,a,False
do,d,d,o,eu,False
do,d,d,o,eu,False
do,d,r,o,i,False
do,d,r,o,i,False
do,d,gg,o,yae,False
do,d,g,o,eu,False
do,d,n,o,eu,False
do,d,d,o,eu,False
do,d,m,o,i,False
do,d,d,o,eo,False
do,d,g,o,eu,False
do,d,r,o,yae,False
do,d,d,o,yae,False
do,d,r,o,i,False
do,d,n,o,i,False
do,d,t,o,i,False
do,d,g,o,eu,False
do,d,t,o,ya,False
do,d,r,o,i,False
do,d,d,o,a,False
do,d,d,o,eu,False
do,d,g,o,o,False
do,d,r,o,i,False
do,d,g,o,ya,False
do,d,r,o,yae,False
do,d,g,o,eu,False
do,d,d,o,eu,False
do,d,r,o,i,False
do,d,r,o,i,False
do,d,g,o,eo,False
do,d,r,o,i,False
do,d,d,o,eu,False
do,d,g,o,eu,False
do,d,d,o,i,False
do,d,r,o,i,False
do,d,d,o,o,True
do,d,n,o,eu,False
do,d,d,o,e,False
do,d,d,o,o,True
dong,d,d,o,ae,False
dong,d,n,o,ae,False
dong,d,n,o,i,False
dong,d,m,o,yae,False
dong,d,n,o,i,False
dong,d,r,o,i,False
dong,d,d,o,i,False
dong,d,t,o,i,False
dong,d,d,o,ae,False
dong,d,d,o,ya,False
dong,d,r,o,i,False
dong,d,d,o,eo,False
dong,d,n,o,i,False
dong,d,r,o,i,False
dong,d,g,o,eo,False
dong,d,g,o,i,False
dong,d,d,o,ae,False
dong,d,n,o,ya,False
dong,d,d,o,i,False
dong,d,n,o,ae,False
dong,d,d,o,i,False
dong,d,t,o,i,False
dong,d,d,o,i,False
dong,d,r,o,i,False
dong,d,n,o,i,False
dong,d,r,o,i,False
dong,d,d,o,ae,False
dong,d,n,o,ae,False
dong,d,d,o,i,False
dong,d,r,o,i,False
dong,d,g,o,yae,False
dong,d,d,o,i,False
dong,d,d,o,ae,False
dong,d,r,o,i,False
dong,d,r,o,ae,False
dong,d,r,o,i,False
dong,d,n,o,yae,False
dong,d,d,o,yae,False
dong,d,n,o,i,False
dong,d,n,o,ae,False
dong,d,n,o,i,False
dong,d,d,o,i,False
dong,d,n,o,ae,False
dong,d,p,o,i,False
dong,d,d,o,ae,False
dong,d,r,o,i,False
dong,d,r,o,yae,False
dong,d,d,o,ae,False
dong,d,n,o,yae,False
dong,d,r,o,ae,False
dong,d,d,o,eo,False
dong,d,t,o,i,False
dong,d,d,o,ae,False
dong,d,b,o,ya,False
dong,d,d,o,a,False
dong,d,d,o,ae,False
dong,d,d,o,ae,False
dong,d,n,o,i,False
dong,d,m,o,yae,False
dong,d,d,o,i,False
dong,d,d,o,yae,False
dong,d,n,o,ae,False
dong,d,n,o,ae,False
dong,d,r,o,yae,False
dong,d,r,o,i,False
dong,d,r,o,i,False
dong,d,r,o,i,False
dong,d,d,o,ae,False
dong,d,n,o,i,False
dong,d,d,o,i,False
dong,d,m,o,a,False
dong,d,r,o,i,False
dong,d,d,o,yae,False
dong,d,r,o,i,False
dong,d,d,o,yae,False
dong,d,t,o,i,False
dong,d,t,o,ya,False
dong,d,t,o,yae,False
dong,d,n,o,a,False
dong,d,d,o,ae,False
dong,d,r,o,i,False
dong,d,d,o,i,False
dong,d,t,o,yae,False
dong,d,t,o,i,False
dong,d,n,o,a,False
dong,d,r,o,ya,False
dong,d,n,o,yae,False
dong,d,d,o,a,False
dong,d,r,o,i,False
dong,d,t,o,ya,False
dong,d,n,o,yae,False
dong,d,r,o,yae,False
dong,d,t,o,yae,False
dong,d,d,o,i,False
dong,d,r,o,a,False
dong,d,g,o,i,False
dong,d,m,o,e,False
dong,d,d,o,i,False
dong,d,n,o,i,False
dong,d,r,o,i,False
ga,g,bb,a,eo,False
ga,g,g,a,yae,False
ga,g,bb,a,i,False
ga,g,gg,a,i,False
ga,g,g,a,yae,False
ga,g,bb,a,yae,False
ga,g,g,a,ae,False
ga,g,bb,a,ae,False
ga,g,g,a,i,False
ga,g,g,a,ya,False
ga,g,k,a,ae,False
ga,g,g,a,o,False
ga,g,s,a,i,False
ga,g,k,a,i,False
ga,g,n,a,a,False
ga,g,bb,a,i,False
ga,g,g,a,a,True
ga,g,r,a,eu,False
ga,g,g,a,i,False
ga,g,bb,a,ae,False
ga,g,d,a,a,False
ga,g,k,a,eu,False
ga,g,s,a,i,False
ga,g,r,a,ya,False
ga,g,g,a,ae,False
ga,g,g,a,i,False
ga,g,bb,a,i,False
ga,g,p,a,i,False
ga,g,gg,a,i,False
ga,g,bb,a,i,False
ga,g,g,a,o,False
ga,g,g,a,yae,False
ga,g,g,a,a,True
ga,g,g,a,ae,False
ga,g,bb,a,ae,False
ga,g,p,a,ae,False
ga,g,p,a,eu,False
ga,g,n,a,ae,False
ga,g,g,a,i,False
ga,g,bb,a,i,False
ga,g,d,a,a,False
ga,g,g,a,i,False
ga,g,bb,a,i,False
ga,g,g,a,ae,False
ga,g,k,a,i,False
ga,g,g,a,i,False
ga,g,g,a,i,False
ga,g,g,a,i,False
ga,g,g,a,i,False
ga,g,gg,a,i,False
ga,g,g,a,a,True
ga,g,g,a,i,False
ga,g,g,a,i,False
ga,g,g,a,i,False
ga,g,bb,a,yae,False
ga,g,d,a,a,False
ga,g,bb,a,i,False
ga,g,bb,a,i,False
ga,g,g,a,i,False
ga,g,bb,a,i,False
ga,g,gg,a,ae,False
ga,g,m,a,eu,False
ga,g,d,a,o,False
ga,g,bb,a,i,False
ga,g,g,a,eu,False
ga,g,g,a,i,False
ga,g,bb,a,i,False
ga,g,bb,a,ae,False
ga,g,g,a,ae,False
ga,g,bb,a,ae,False
ga,g,d,a,yu,False
ga,g,g,a,a,True
ga,g,k,a,i,False
ga,g,bb,a,i,False
ga,g,g,a,eu,False
ga,g,g,a,ya,False
ga,g,g,a,i,False
ga,g,bb,a,i,False
ga,g,bb,a,i,False
ga,g,g,a,i,False
ga,g,d,a,ya,False
ga,g,gg,a,a,False
ga,g,k,a,i,False
ga,g,k,a,eu,False
ga,g,g,a,ae,False
ga,g,k,a,o,False
ga,g,g,a,ae,False
ga,g,g,a,e,False
ga,g,b,a,i,False
ga,g,k,a,yae,False
ga,g,g,a,eu,False
ga,g,g,a,i,False
ga,g,g,a,i,False
ga,g,bb,a,i,False
ga,g,g,a,i,False
ga,g,g,a,a,True
ga,g,g,a,i,False
ga,g,bb,a,i,False
ga,g,k,a,i,False
ga,g,d,a,eu,False
geos,g,gg,eo,eo,False
geos,g,g,eo,i,False
geos,g,g,eo,e,False
geos,g,gg,eo,i,False
geos,g,g,eo,i,False
geos,g,g,eo,i,False
geos,g,gg,eo,yae,False
geos,g,gg,eo,ae,False
geos,g,bb,eo,ae,False
geos,g,g,eo,i,False
geos,g,bb,eo,ae,False
geos,g,gg,eo,i,False
geos,g,p,eo,i,False
geos,g,gg,eo,i,False
geos,g,g,eo,i,False
geos,g,gg,eo,i,False
geos,g,bb,eo,i,False
geos,g,g,eo,i,False
geos,g,gg,eo,ye,False
geos,g,gg,eo,ae,False
geos,g,gg,eo,eo,False
geos,g,k,eo,ae,False
geos,g,g,eo,i,False
geos,g,k,eo,ae,False
geos,g,g,eo,i,False
geos,g,gg,eo,i,False
geos,g,gg,eo,i,False
geos,g,gg,eo,i,False
geos,g,g,eo,yae,False
geos,g,gg,eo,i,False
geos,g,g,eo,i,False
geos,g,g,eo,ae,False
geos,g,g,eo,ae,False
geos,g,gg,eo,i,False
geos,g,g,eo,ae,False
geos,g,g,eo,i,False
geos,g,gg,eo,ae,False
geos,g,g,eo,ae,False
geos,g,k,eo,ae,False
geos,g,gg,eo,yae,False
geos,g,gg,eo,ae,False
geos,g,gg,eo,yae,False
geos,g,g,eo,i,False
geos,g,gg,eo,eo,False
geos,g,gg,eo,a,False
geos,g,b,eo,i,False
geos,g,gg,eo,ye,False
geos,g,gg,eo,ye,False
geos,g,g,eo,ae,False
geos,g,g,eo,ae,False
geos,g,gg,eo,i,False
geos,g,k,eo,ae,False
geos,g,gg,eo,i,False
geos,g,bb,eo,i,False
geos,g,gg,eo,e,False
geos,g,gg,eo,eo,False
geos,g,n,eo,i,False
geos,g,g,eo,i,False
geos,g,gg,eo,i,False
geos,g,gg,eo,a,False
geos,g,g,eo,i,False
geos,g,gg,eo,ae,False
geos,g,g,eo,i,False
geos,g,gg,eo,i,False
geos,g,gg,eo,i,False
geos,g,gg,eo,i,False
geos,g,gg,eo,ae,False
geos,g,gg,eo,i,False
geos,g,bb,eo,i,False
geos,g,gg,eo,ae,False
geos,g,r,eo,e,False
geos,g,g,eo,yae,False
geos,g,gg,eo,i,False
geos,g,g,eo,i,False
geos,g,k,eo,i,False
geos,g,n,eo,i,False
geos,g,gg,eo,i,False
geos,g,g,eo,yae,False
geos,g,gg,eo,i,False
geos,g,gg,eo,i,False
geos,g,gg,eo,ae,False
geos,g,gg,eo,i,False
geos,g,g,eo,i,False
geos,g,g,eo,i,False
geos,g,gg,eo,i,False
geos,g,g,eo,i,False
geos,g,gg,eo,ae,False
geos,g,gg,eo,yae,False
geos,g,g,eo,i,False
geos,g,g,eo,i,False
geos,g,g,eo,i,False
geos,g,gg,eo,ae,False
geos,g,gg,eo,a,False
geos,g,gg,eo,i,False
geos,g,gg,eo,i,False
geos,g,gg,eo,yae,False
geos,g,g,eo,eo,True
geos,g,gg,eo,ae,False
geos,g,g,eo,ae,False
geos,g,b,eo,i,False
geu,g,k,eu,eu,False
geu,g,d,eu,a,False
geu,g,d,eu,eu,False
geu,g,d,eu,eu,False
geu,g,d,eu,eu,False
geu,g,d,eu,eu,False
geu,g,n,eu,eu,False
geu,g,d,eu,eu,False
geu,g,d,eu,eu,False
geu,g,n,eu,eu,False
geu,g,n,eu,eu,False
geu,g,d,eu,eu,False
geu,g,n,eu,eu,False
geu,g,d,eu,eu,False
geu,g,d,eu,a,False
geu,g,d,eu,eu,False
geu,g,d,eu,eu,False
geu,g,d,eu,eu,False
geu,g,d,eu,eu,False
geu,g,d,eu,o,False
geu,g,r,eu,o,False
geu,g,d,eu,eu,False
geu,g,k,eu,eu,False
geu,g,d,eu,ya,False
geu,g,d,eu,o,False
geu,g,d,eu,eu,False
geu,g,d,eu,eu,False
geu,g,d,eu,o,False
geu,g,d,eu,o,False
geu,g,d,eu,eu,False
geu,g,n,eu,eu,False
geu,g,d,eu,eu,False
geu,g,n,eu,a,False
geu,g,d,eu,eu,False
geu,g,d,eu,a,False
geu,g,d,eu,eu,False
geu,g,d,eu,eu,False
geu,g,d,eu,eu,False
geu,g,d,eu,eu,False
geu,g,d,eu,eu,False
geu,g,d,eu,eu,False
geu,g,n,eu,eu,False
geu,g,d,eu,eu,False
geu,g,n,eu,eu,False
geu,g,d,eu,eu,False
geu,g,d,eu,eu,False
geu,g,d,eu,a,False
geu,g,d,eu,eu,False
geu,g,d,eu,eu,False
geu,g,d,eu,i,False
geu,g,d,eu,eu,False
geu,g,d,eu,i,False
geu,g,d,eu,eu,False
geu,g,d,eu,eu,False
geu,g,d,eu,eu,False
geu,g,n,eu,eu,False
geu,g,d,eu,eu,False
geu,g,d,eu,eu,False
geu,g,g,eu,a,False
geu,g,n,eu,eu,False
geu,g,d,eu,a,False
geu,g,k,eu,o,False
geu,g,d,eu,eu,False
geu,g,d,eu,o,False
geu,g,d,eu,eu,False
geu,g,d,eu,yae,False
geu,g,g,eu,eu,True
geu,g,d,eu,eu,False
geu,g,d,eu,eu,False
geu,g,d,eu,eu,False
geu,g,d,eu,eu,False
geu,g,d,eu,eu,False
geu,g,n,eu,yae,False
geu,g,n,eu,i,False
geu,g,d,eu,eu,False
geu,g,d,eu,o,False
geu,g,d,eu,eu,False
geu,g,d,eu,eu,False
geu,g,d,eu,eu,False
geu,g,d,eu,eu,False
geu,g,d,eu,eu,False
geu,g,n,eu,o,False
geu,g,d,eu,a,False
geu,g,d,eu,eu,False
geu,g,n,eu,eu,False
geu,g,k,eu,ya,False
geu,g,d,eu,a,False
geu,g,g,eu,yo,False
geu,g,d,eu,eu,False
geu,g,n,eu,eu,False
geu,g,n,eu,eu,False
geu,g,d,eu,eu,False
geu,g,d,eu,eu,False
geu,g,d,eu,eu,False
geu,g,d,eu,eu,False
geu,g,d,eu,yae,False
geu,g,d,eu,eu,False
geu,g,d,eu,eu,False
geu,g,d,eu,a,False
geu,g,d,eu,eu,False
gi,g,g,i,eo,False
gi,g,g,i,ae,False
gi,g,g,i,yae,False
gi,g,g,i,i,True
gi,g,g,i,i,True
gi,g,bb,i,i,False
gi,g,n,i,i,False
gi,g,bb,i,ae,False
gi,g,bb,i,i,False
gi,g,g,i,i,True
gi,g,g,i,eo,False
gi,g,g,i,ae,False
gi,g,g,i,i,True
gi,g,g,i,ae,False
gi,g,g,i,ae,False
gi,g,g,i,yae,False
gi,g,g,i,i,True
gi,g,g,i,i,True
gi,g,bb,i,i,False
gi,g,g,i,i,True
gi,g,k,i,ae,False
gi,g,k,i,ae,False
gi,g,gg,i,ae,False
gi,g,g,i,i,True
gi,g,g,i,ae,False
gi,g,g,i,i,True
gi,g,g,i,i,True
gi,g,g,i,ae,False
gi,g,g,i,yae,False
gi,g,g,i,i,True
gi,g,k,i,e,False
gi,g,k,i,eo,False
gi,g,g,i,i,True
gi,g,g,i,i,True
gi,g,g,i,ae,False
gi,g,g,i,ae,False
gi,g,k,i,i,False
gi,g,g,i,ae,False
gi,g,g,i,ye,False
gi,g,g,i,i,True
gi,g,k,i,i,False
gi,g,g,i,i,True
gi,g,g,i,i,True
gi,g,n,i,i,False
gi,g,g,i,i,True
gi,g,g,i,ae,False
gi,g,g,i,i,True
gi,g,g,i,i,True
gi,g,g,i,yae,False
gi,g,g,i,i,True
gi,g,g,i,i,True
gi,g,k,i,i,False
gi,g,g,i,i,True
gi,g,k,i,i,False
gi,g,g,i,ae,False
gi,g,g,i,i,True
gi,g,g,i,i,True
gi,g,bb,i,ae,False
gi,g,g,i,i,True
gi,g,g,i,ae,False
gi,g,g,i,i,True
gi,g,k,i,i,False
gi,g,g,i,ae,False
gi,g,g,i,i,True
gi,g,g,i,yae,False
gi,g,k,i,i,False
gi,g,g,i,ae,False
gi,g,g,i,i,True
gi,g,g,i,yae,False
gi,g,bb,i,ae,False
gi,g,k,i,ae,False
gi,g,g,i,i,True
gi,g,g,i,i,True
gi,g,g,i,i,True
gi,g,g,i,i,True
gi,g,g,i,ae,False
gi,g,g,i,i,True
gi,g,bb,i,i,False
gi,g,g,i,yae,False
gi,g,g,i,eo,False
gi,g,g,i,i,True
gi,g,g,i,ae,False
gi,g,k,i,yae,False
gi,g,g,i,i,True
gi,g,g,i,i,True
gi,g,g,i,i,True
gi,g,g,i,eo,False
gi,g,g,i,i,True
gi,g,g,i,i,True
gi,g,bb,i,i,False
gi,g,g,i,yae,False
gi,g,k,i,ae,False
gi,g,g,i,yae,False
gi,g,g,i,i,True
gi,g,g,i,i,True
gi,g,g,i,i,True
gi,g,g,i,i,True
gi,g,g,i,ae,False
gi,g,g,i,yae,False
gi,g,g,i,i,True
gim,g,g,i,i,True
gim,g,g,i,i,True
gim,g,p,i,a,False
gim,g,n,i,i,False
gim,g,g,i,a,False
gim,g,g,i,ya,False
gim,g,g,i,i,True
gim,g,g,i,i,True
gim,g,gg,i,a,False
gim,g,g,i,i,True
gim,g,g,i,a,False
gim,g,g,i,yae,False
gim,g,g,i,yae,False
gim,g,g,i,i,True
gim,g,g,i,yae,False
gim,g,g,i,i,True
gim,g,gg,i,yae,False
gim,g,g,i,yae,False
gim,g,g,i,eo,False
gim,g,gg,i,a,False
gim,g,g,i,ae,False
gim,g,g,i,i,True
gim,g,g,i,yae,False
gim,g,g,i,yae,False
gim,g,n,i,i,False
gim,g,g,i,i,True
gim,g,g,i,i,True
gim,g,g,i,i,True
gim,g,g,i,i,True
gim,g,gg,i,i,False
gim,g,g,i,i,True
gim,g,g,i,e,False
gim,g,g,i,yae,False
gim,g,g,i,i,True
gim,g,g,i,i,True
gim,g,g,i,i,True
gim,g,gg,i,ae,False
gim,g,g,i,yae,False
gim,g,g,i,yae,False
gim,g,gg,i,yae,False
gim,g,g,i,ya,False
gim,g,gg,i,ae,False
gim,g,g,i,yae,False
gim,g,gg,i,i,False
gim,g,gg,i,i,False
gim,g,g,i,ya,False
gim,g,g,i,i,True
gim,g,gg,i,yae,False
gim,g,g,i,yae,False
gim,g,g,i,i,True
gim,g,g,i,i,True
gim,g,g,i,i,True
gim,g,g,i,i,True
gim,g,g,i,i,True
gim,g,g,i,i,True
gim,g,g,i,i,True
gim,g,n,i,i,False
gim,g,g,i,yae,False
gim,g,g,i,ya,False
gim,g,n,i,i,False
gim,g,g,i,eo,False
gim,g,gg,i,ae,False
gim,g,g,i,eo,False
gim,g,g,i,i,True
gim,g,g,i,i,True
gim,g,g,i,i,True
gim,g,ch,i,eo,False
gim,g,g,i,i,True
gim,g,g,i,i,True
gim,g,g,i,i,True
gim,g,gg,i,yae,False
gim,g,g,i,i,True
gim,g,n,i,ae,False
gim,g,g,i,i,True
gim,g,g,i,i,True
gim,g,g,i,i,True
gim,g,g,i,i,True
gim,g,g,i,i,True
gim,g,g,i,i,True
gim,g,gg,i,ya,False
gim,g,g,i,i,True
gim,g,g,i,i,True
gim,g,gg,i,i,False
gim,g,g,i,i,True
gim,g,g,i,ae,False
gim,g,g,i,i,True
gim,g,g,i,ya,False
gim,g,g,i,i,True
gim,g,g,i,ae,False
gim,g,gg,i,i,False
gim,g,p,i,i,False
gim,g,g,i,i,True
gim,g,g,i,yae,False
gim,g,g,i,i,True
gim,g,g,i,yae,False
gim,g,g,i,yae,False
gim,g,g,i,a,False
gim,g,g,i,eo,False
gim,g,g,i,ya,False
gim,g,gg,i,ae,False
go,g,m,o,i,False
go,g,n,o,a,False
go,g,d,o,a,False
go,g,d,o,a,False
go,g,g,o,i,False
go,g,g,o,i,False
go,g,g,o,i,False
go,g,k,o,i,False
go,g,n,o,ae,False
go,g,g,o,i,False
go,g,n,o,o,False
go,g,d,o,o,False
go,g,m,o,eu,False
go,g,k,o,ya,False
go,g,k,o,i,False
go,g,g,o,ae,False
go,g,g,o,eu,False
go,g,k,o,yae,False
go,g,bb,o,ae,False
go,g,g,o,ae,False
go,g,d,o,a,False
go,g,g,o,i,False
go,g,n,o,eu,False
go,g,g,o,a,False
go,g,k,o,i,False
go,g,r,o,eu,False
go,g,k,o,i,False
go,g,g,o,ae,False
go,g,g,o,a,False
go,g,k,o,ae,False
go,g,k,o,ae,False
go,g,r,o,a,False
go,g,k,o,i,False
go,g,k,o,i,False
go,g,d,o,a,False
go,g,g,o,ae,False
go,g,g,o,ae,False
go,g,r,o,eu,False
go,g,g,o,o,True
go,g,g,o,yae,False
go,g,s,o,i,False
go,g,g,o,ya,False
go,g,g,o,i,False
go,g,d,o,a,False
go,g,g,o,eu,False
go,g,d,o,u,False
go,g,g,o,ae,False
go,g,g,o,ae,False
go,g,g,o,o,True
go,g,g,o,i,False
go,g,m,o,ya,False
go,g,gg,o,yae,False
go,g,g,o,i,False
go,g,d,o,a,False
go,g,d,o,ya,False
go,g,k,o,i,False
go,g,k,o,i,False
go,g,m,o,ya,False
go,g,d,o,a,False
go,g,n,o,eu,False
go,g,k,o,a,False
go,g,k,o,i,False
go,g,k,o,i,False
go,g,g,o,i,False
go,g,g,o,i,False
go,g,m,o,eo,False
go,g,k,o,i,False
go,g,bb,o,ya,False
go,g,g,o,i,False
go,g,d,o,a,False
go,g,k,o,i,False
go,g,k,o,i,False
go,g,g,o,yae,False
go,g,g,o,i,False
go,g,d,o,i,False
go,g,g,o,a,False
go,g,g,o,i,False
go,g,g,o,a,False
go,g,d,o,eu,False
go,g,g,o,yae,False
go,g,d,o,a,False
go,g,k,o,i,False
go,g,m,o,i,False
go,g,n,o,eu,False
go,g,m,o,a,False
go,g,g,o,i,False
go,g,k,o,i,False
go,g,g,o,a,False
go,g,d,o,a,False
go,g,g,o,ya,False
go,g,m,o,i,False
go,g,d,o,o,False
go,g,d,o,a,False
go,g,d,o,eu,False
go,g,k,o,ya,False
go,g,g,o,yae,False
go,g,k,o,ae,False
go,g,d,o,a,False
go,g,k,o,yu,False
go,g,d,o,a,False
gong,g,g,o,yae,False
gong,g,g,o,ae,False
gong,g,g,o,i,False
gong,g,k,o,ae,False
gong,g,g,o,ae,False
gong,g,g,o,a,False
gong,g,n,o,ye,False
gong,g,g,o,yae,False
gong,g,g,o,i,False
gong,g,g,o,yae,False
gong,g,g,o,i,False
gong,g,g,o,ae,False
gong,g,g,o,ya,False
gong,g,k,o,yae,False
gong,g,g,o,ae,False
gong,g,g,o,ae,False
gong,g,g,o,ya,False
gong,g,n,o,ya,False
gong,g,g,o,yae,False
gong,g,g,o,ya,False
gong,g,bb,o,i,False
gong,g,n,o,i,False
gong,g,n,o,a,False
gong,g,g,o,yae,False
gong,g,n,o,yae,False
gong,g,g,o,yae,False
gong,g,n,o,i,False
gong,g,g,o,yu,False
gong,g,d,o,ae,False
gong,g,g,o,ye,False
gong,g,g,o,ae,False
gong,g,k,o,eu,False
gong,g,d,o,o,False
gong,g,k,o,ye,False
gong,g,g,o,yae,False
gong,g,g,o,yae,False
gong,g,k,o,ya,False
gong,g,g,o,ya,False
gong,g,g,o,i,False
gong,g,g,o,yae,False
gong,g,g,o,yae,False
gong,g,k,o,ae,False
gong,g,k,o,eu,False
gong,g,n,o,ya,False
gong,g,g,o,yo,False
gong,g,k,o,yae,False
gong,g,n,o,i,False
gong,g,g,o,ae,False
gong,g,n,o,ae,False
gong,g,g,o,ae,False
gong,g,n,o,yae,False
gong,g,n,o,i,False
gong,g,g,o,ye,False
gong,g,g,o,eu,False
gong,g,g,o,ye,False
gong,g,k,o,a,False
gong,g,p,o,i,False
gong,g,g,o,a,False
gong,g,g,o,ya,False
gong,g,g,o,yae,False
gong,g,n,o,eo,False
gong,g,n,o,ye,False
gong,g,g,o,ae,False
gong,g,k,o,i,False
gong,g,g,o,a,False
gong,g,k,o,ae,False
gong,g,g,o,ae,False
gong,g,k,o,ae,False
gong,g,g,o,ya,False
gong,g,g,o,yae,False
gong,g,n,o,ya,False
gong,g,n,o,i,False
gong,g,k,o,yae,False
gong,g,k,o,ya,False
gong,g,g,o,a,False
gong,g,g,o,i,False
gong,g,g,o,a,False
gong,g,g,o,eo,False
gong,g,g,o,ya,False
gong,g,g,o,ae,False
gong,g,m,o,yae,False
gong,g,k,o,yae,False
gong,g,g,o,ae,False
gong,g,k,o,a,False
gong,g,g,o,ae,False
gong,g,k,o,eu,False
gong,g,g,o,yae,False
gong,g,n,o,i,False
gong,g,n,o,ae,False
gong,g,n,o,i,False
gong,g,g,o,yae,False
gong,g,k,o,e,False
gong,g,g,o,yae,False
gong,g,k,o,ae,False
gong,g,k,o,yae,False
gong,g,g,o,i,False
gong,g,g,o,a,False
gong,g,k,o,yae,False
gong,g,bb,o,yae,False
gong,g,d,o,i,False
gu,g,n,u,a,False
gu,g,d,u,eu,False
gu,g,n,u,eu,False
gu,g,k,u,eu,False
gu,g,k,u,eu,False
gu,g,k,u,i,False
gu,g,k,u,eu,False
gu,g,d,u,o,False
gu,g,k,u,i,False
gu,g,n,u,a,False
gu,g,g,u,eu,False
gu,g,k,u,eu,False
gu,g,k,u,eu,False
gu,g,n,u,yo,False
gu,g,k,u,o,False
gu,g,k,u,eu,False
gu,g,k,u,eu,False
gu,g,n,u,i,False
gu,g,k,u,eu,False
gu,g,b,u,i,False
gu,g,k,u,yo,False
gu,g,k,u,i,False
gu,g,k,u,o,False
gu,g,n,u,o,False
gu,g,k,u,a,False
gu,g,g,u,eo,False
gu,g,k,u,eu,False
gu,g,k,u,o,False
gu,g,k,u,eu,False
gu,g,g,u,eu,False
gu,g,k,u,eu,False
gu,g,k,u,eo,False
gu,g,k,u,eu,False
gu,g,k,u,o,False
gu,g,k,u,i,False
gu,g,m,u,i,False
gu,g,k,u,o,False
gu,g,g,u,i,False
gu,g,m,u,i,False
gu,g,k,u,ya,False
gu,g,d,u,o,False
gu,g,d,u,o,False
gu,g,k,u,eu,False
gu,g,k,u,o,False
gu,g,k,u,i,False
gu,g,k,u,o,False
gu,g,k,u,o,False
gu,g,k,u,eu,False
gu,g,k,u,eu,False
gu,g,g,u,ya,False
gu,g,k,u,o,False
gu,g,k,u,eu,False
gu,g,k,u,o,False
gu,g,d,u,eu,False
gu,g,k,u,o,False
gu,g,k,u,o,False
gu,g,k,u,o,False
gu,g,k,u,eu,False
gu,g,n,u,i,False
gu,g,k,u,i,False
gu,g,k,u,o,False
gu,g,k,u,i,False
gu,g,k,u,o,False
gu,g,n,u,i,False
gu,g,d,u,o,False
gu,g,d,u,eu,False
gu,g,k,u,eu,False
gu,g,k,u,a,False
gu,g,k,u,o,False
gu,g,n,u,i,False
gu,g,k,u,o,False
gu,g,d,u,o,False
gu,g,k,u,eu,False
gu,g,p,u,i,False
gu,g,k,u,o,False
gu,g,g,u,i,False
gu,g,n,u,i,False
gu,g,d,u,i,False
gu,g,k,u,yo,False
gu,g,k,u,eu,False
gu,g,k,u,o,False
gu,g,g,u,i,False
gu,g,k,u,ya,False
gu,g,k,u,eu,False
gu,g,k,u,o,False
gu,g,h,u,i,False
gu,g,n,u,i,False
gu,g,g,u,i,False
gu,g,k,u,eu,False
gu,g,k,u,ae,False
gu,g,k,u,eu,False
gu,g,k,u,eu,False
gu,g,k,u,o,False
gu,g,g,u,yae,False
gu,g,k,u,o,False
gu,g,k,u,eu,False
gu,g,k,u,o,False
gu,g,g,u,i,False
gu,g,k,u,a,False
gu,g,g,u,i,False
guk,g,d,u,ae,False
guk,g,d,u,i,False
guk,g,g,u,ae,False
guk,g,g,u,i,False
guk,g,n,u,i,False
guk,g,n,u,i,False
guk,g,k,u,i,False
guk,g,n,u,i,False
guk,g,n,u,yae,False
guk,g,n,u,i,False
guk,g,g,u,i,False
guk,g,p,u,i,False
guk,g,bb,u,ae,False
guk,g,g,u,i,False
guk,g,p,u,i,False
guk,g,p,u,i,False
guk,g,n,u,i,False
guk,g,p,u,i,False
guk,g,n,u,i,False
guk,g,n,u,i,False
guk,g,g,u,i,False
guk,g,g,u,ae,False
guk,g,n,u,i,False
guk,g,d,u,eo,False
guk,g,p,u,i,False
guk,g,g,u,yae,False
guk,g,n,u,i,False
guk,g,b,u,i,False
guk,g,g,u,i,False
guk,g,p,u,yae,False
guk,g,m,u,i,False
guk,g,n,u,i,False
guk,g,k,u,eu,False
guk,g,p,u,yae,False
guk,g,p,u,ae,False
guk,g,p,u,ae,False
guk,g,d,u,i,False
guk,g,m,u,ae,False
guk,g,p,u,eo,False
guk,g,g,u,ae,False
guk,g,p,u,ae,False
guk,g,p,u,ae,False
guk,g,p,u,ae,False
guk,g,n,u,yae,False
guk,g,bb,u,ae,False
guk,g,n,u,yae,False
guk,g,n,u,i,False
guk,g,n,u,ae,False
guk,g,p,u,ae,False
guk,g,p,u,ae,False
guk,g,p,u,i,False
guk,g,p,u,i,False
guk,g,d,u,eu,False
guk,g,n,u,yae,False
guk,g,n,u,i,False
guk,g,p,u,ae,False
guk,g,n,u,i,False
guk,g,g,u,i,False
guk,g,n,u,i,False
guk,g,n,u,eo,False
guk,g,d,u,i,False
guk,g,p,u,i,False
guk,g,m,u,i,False
guk,g,d,u,yae,False
guk,g,g,u,i,False
guk,g,n,u,i,False
guk,g,g,u,i,False
guk,g,p,u,i,False
guk,g,p,u,ae,False
guk,g,d,u,eo,False
guk,g,p,u,yae,False
guk,g,r,u,ae,False
guk,g,n,u,ae,False
guk,g,p,u,yae,False
guk,g,g,u,i,False
guk,g,n,u,ae,False
guk,g,bb,u,ae,False
guk,g,p,u,ae,False
guk,g,n,u,ae,False
guk,g,g,u,ae,False
guk,g,n,u,a,False
guk,g,g,u,i,False
guk,g,n,u,i,False
guk,g,p,u,ae,False
guk,g,g,u,i,False
guk,g,n,u,yae,False
guk,g,r,u,yae,False
guk,g,n,u,eo,False
guk,g,p,u,yae,False
guk,g,p,u,i,False
guk,g,n,u,i,False
guk,g,n,u,ae,False
guk,g,n,u,i,False
guk,g,bb,u,ae,False
guk,g,b,u,ae,False
guk,g,n,u,ae,False
guk,g,g,u,i,False
guk,g,bb,u,i,False
guk,g,g,u,i,False
guk,g,p,u,yae,False
gye,g,k,ye,e,False
gye,g,k,ye,e,False
gye,g,gg,ye,ae,False
gye,g,g,ye,ae,False
gye,g,g,ye,i,False
gye,g,g,ye,a,False
gye,g,g,ye,yae,False
gye,g,bb,ye,ae,False
gye,g,g,ye,e,False
gye,g,gg,ye,ae,False
gye,g,k,ye,a,False
gye,g,gg,ye,ae,False
gye,g,g,ye,ae,False
gye,g,gg,ye,i,False
gye,g,gg,ye,ae,False
gye,g,k,ye,ae,False
gye,g,b,ye,ye,False
gye,g,gg,ye,ye,False
gye,g,bb,ye,eo,False
gye,g,gg,ye,ye,False
gye,g,g,ye,e,False
gye,g,bb,ye,i,False
gye,g,gg,ye,ye,False
gye,g,gg,ye,ae,False
gye,g,g,ye,i,False
gye,g,k,ye,e,False
gye,g,r,ye,eo,False
gye,g,g,ye,ye,True
gye,g,k,ye,eo,False
gye,g,g,ye,ae,False
gye,g,g,ye,ae,False
gye,g,gg,ye,ae,False
gye,g,gg,ye,ae,False
gye,g,gg,ye,eo,False
gye,g,d,ye,i,False
gye,g,g,ye,i,False
gye,g,gg,ye,ae,False
gye,g,g,ye,i,False
gye,g,bb,ye,e,False
gye,g,g,ye,a,False
gye,g,bb,ye,ae,False
gye,g,g,ye,ae,False
gye,g,g,ye,ye,True
gye,g,k,ye,ae,False
gye,g,k,ye,i,False
gye,g,gg,ye,ae,False
gye,g,bb,ye,ae,False
gye,g,g,ye,e,False
gye,g,gg,ye,ae,False
gye,g,bb,ye,eo,False
gye,g,g,ye,ae,False
gye,g,gg,ye,i,False
gye,g,bb,ye,ae,False
gye,g,gg,ye,ae,False
gye,g,bb,ye,ae,False
gye,g,bb,ye,ae,False
gye,g,g,ye,e,False
gye,g,k,ye,yae,False
gye,g,k,ye,i,False
gye,g,k,ye,ae,False
gye,g,k,ye,ae,False
gye,g,gg,ye,ae,False
gye,g,g,ye,ya,False
gye,g,gg,ye,ae,False
gye,g,gg,ye,i,False
gye,g,g,ye,eo,False
gye,g,bb,ye,ye,False
gye,g,gg,ye,yae,False
gye,g,g,ye,ye,True
gye,g,g,ye,ae,False
gye,g,bb,ye,ae,False
gye,g,k,ye,i,False
gye,g,k,ye,e,False
gye,g,g,ye,e,False
gye,g,gg,ye,ae,False
gye,g,gg,ye,i,False
gye,g,gg,ye,ae,False
gye,g,g,ye,eo,False
gye,g,b,ye,ye,False
gye,g,gg,ye,ae,False
gye,g,g,ye,ae,False
gye,g,k,ye,i,False
gye,g,g,ye,i,False
gye,g,g,ye,ae,False
gye,g,gg,ye,eo,False
gye,g,g,ye,i,False
gye,g,r,ye,e,False
gye,g,g,ye,ye,True
gye,g,bb,ye,yae,False
gye,g,bb,ye,ae,False
gye,g,bb,ye,ae,False
gye,g,k,ye,i,False
gye,g,k,ye,ae,False
gye,g,g,ye,ae,False
gye,g,gg,ye,eo,False
gye,g,bb,ye,ae,False
gye,g,d,ye,ye,False
gye,g,g,ye,eo,False
gye,g,d,ye,e,False
gye,g,gg,ye,ye,False
ha,h,bb,a,ae,False
ha,h,s,a,ae,False
ha,h,n,a,yae,False
ha,h,p,a,yae,False
ha,h,bb,a,ae,False
ha,h,bb,a,ae,False
ha,h,gg,a,eo,False
ha,h,bb,a,i,False
ha,h,b,a,ae,False
ha,h,g,a,a,False
ha,h,s,a,ae,False
ha,h,p,a,ae,False
ha,h,p,a,ae,False
ha,h,bb,a,yae,False
ha,h,k,a,ya,False
ha,h,d,a,a,False
ha,h,s,a,ae,False
ha,h,bb,a,yae,False
ha,h,ss,a,ae,False
ha,h,g,a,ya,False
ha,h,bb,a,i,False
ha,h,bb,a,ae,False
ha,h,s,a,ae,False
ha,h,bb,a,i,False
ha,h,gg,a,ye,False
ha,h,bb,a,i,False
ha,h,s,a,ae,False
ha,h,bb,a,i,False
ha,h,p,a,ae,False
ha,h,n,a,i,False
ha,h,bb,a,ae,False
ha,h,k,a,yae,False
ha,h,bb,a,ae,False
ha,h,n,a,i,False
ha,h,bb,a,yae,False
ha,h,p,a,ae,False
ha,h,bb,a,i,False
ha,h,g,a,a,False
ha,h,gg,a,ae,False
ha,h,bb,a,yae,False
ha,h,k,a,ae,False
ha,h,k,a,e,False
ha,h,gg,a,ae,False
ha,h,bb,a,i,False
ha,h,k,a,ya,False
ha,h,ch,a,a,False
ha,h,bb,a,yae,False
ha,h,bb,a,ae,False
ha,h,bb,a,ae,False
ha,h,n,a,i,False
ha,h,bb,a,yae,False
ha,h,bb,a,yae,False
ha,h,b,a,ae,False
ha,h,bb,a,i,False
ha,h,p,a,ae,False
ha,h,bb,a,ae,False
ha,h,bb,a,ae,False
ha,h,s,a,ae,False
ha,h,g,a,ae,False
ha,h,bb,a,i,False
ha,h,g,a,ae,False
ha,h,b,a,ae,False
ha,h,bb,a,ae,False
ha,h,bb,a,ae,False
ha,h,d,a,a,False
ha,h,g,a,a,False
ha,h,p,a,yae,False
ha,h,h,a,ya,False
ha,h,bb,a,ae,False
ha,h,bb,a,ae,False
ha,h,bb,a,i,False
ha,h,bb,a,i,False
ha,h,bb,a,eo,False
ha,h,d,a,ya,False
ha,h,p,a,ae,False
ha,h,gg,a,ae,False
ha,h,gg,a,ae,False
ha,h,bb,a,i,False
ha,h,gg,a,ae,False
ha,h,d,a,ya,False
ha,h,p,a,ae,False
ha,h,b,a,ae,False
ha,h,b,a,yae,False
ha,h,d,a,ya,False
ha,h,bb,a,i,False
ha,h,p,a,ae,False
ha,h,gg,a,ae,False
ha,h,gg,a,i,False
ha,h,p,a,ae,False
ha,h,b,a,ae,False
ha,h,bb,a,ae,False
ha,h,bb,a,ae,False
ha,h,s,a,ae,False
ha,h,b,a,ae,False
ha,h,bb,a,ae,False
ha,h,d,a,ya,False
ha,h,p,a,ae,False
ha,h,n,a,ae,False
ha,h,p,a,ae,False
ha,h,s,a,i,False
hae,h,h,a,e,False
hae,h,gg,a,ae,False
hae,h,s,a,ae,False
hae,h,bb,a,ae,False
hae,h,bb,a,ae,False
hae,h,d,a,ae,False
hae,h,bb,a,ae,False
hae,h,bb,a,ae,False
hae,h,bb,a,ae,False
hae,h,bb,a,ae,False
hae,h,bb,a,ae,False
hae,h,bb,a,ae,False
hae,h,bb,a,ae,False
hae,h,bb,a,ae,False
hae,h,bb,a,ae,False
hae,h,t,a,ae,False
hae,h,bb,a,ae,False
hae,h,bb,a,ae,False
hae,h,bb,a,ae,False
hae,h,bb,a,ae,False
hae,h,p,a,i,False
hae,h,bb,a,ae,False
hae,h,bb,a,ae,False
hae,h,bb,a,i,False
hae,h,p,a,ae,False
hae,h,b,a,ae,False
hae,h,p,a,ae,False
hae,h,bb,a,ae,False
hae,h,bb,a,ae,False
hae,h,bb,a,ae,False
hae,h,bb,a,ae,False
hae,h,bb,a,ae,False
hae,h,bb,a,ae,False
hae,h,bb,a,yae,False
hae,h,bb,a,ae,False
hae,h,bb,a,ae,False
hae,h,gg,a,ye,False
hae,h,t,a,yu,False
hae,h,g,a,ye,False
hae,h,g,a,ae,False
hae,h,gg,a,ae,False
hae,h,bb,a,ae,False
hae,h,bb,a,ye,False
hae,h,bb,a,ae,False
hae,h,d,a,o,False
hae,h,bb,a,ae,False
hae,h,d,a,ae,False
hae,h,bb,a,ae,False
hae,h,bb,a,ae,False
hae,h,m,a,yae,False
hae,h,bb,a,ae,False
hae,h,bb,a,ae,False
hae,h,p,a,yae,False
hae,h,b,a,ae,False
hae,h,bb,a,ae,False
hae,h,bb,a,yae,False
hae,h,bb,a,ae,False
hae,h,bb,a,ae,False
hae,h,d,a,yae,False
hae,h,bb,a,ae,False
hae,h,bb,a,ae,False
hae,h,b,a,ae,False
hae,h,bb,a,ae,False
hae,h,bb,a,ae,False
hae,h,bb,a,ae,False
hae,h,bb,a,ae,False
hae,h,h,a,ye,False
hae,h,t,a,e,False
hae,h,bb,a,yae,False
hae,h,bb,a,ae,False
hae,h,bb,a,i,False
hae,h,bb,a,ae,False
hae,h,t,a,yae,False
hae,h,bb,a,ae,False
hae,h,gg,a,ye,False
hae,h,t,a,i,False
hae,h,t,a,ya,False
hae,h,d,a,ae,False
hae,h,bb,a,yae,False
hae,h,bb,a,yae,False
hae,h,bb,a,i,False
hae,h,h,a,ya,False
hae,h,bb,a,ae,False
hae,h,bb,a,ae,False
hae,h,bb,a,ae,False
hae,h,bb,a,ae,False
hae,h,bb,a,ae,False
hae,h,bb,a,ae,False
hae,h,d,a,ya,False
hae,h,bb,a,ae,False
hae,h,k,a,ae,False
hae,h,bb,a,ae,False
hae,h,g,a,e,False
hae,h,gg,a,ae,False
hae,h,k,a,yae,False
hae,h,bb,a,ae,False
hae,h,d,a,ae,False
hae,h,bb,a,yae,False
hae,h,bb,a,ae,False
hae,h,b,a,ae,False
han,h,bb,a,yae,False
han,h,bb,a,ae,False
han,h,ss,a,i,False
han,h,bb,a,e,False
han,h,n,a,eo,False
han,h,bb,a,i,False
han,h,p,a,ae,False
han,h,gg,a,ae,False
han,h,bb,a,ae,False
han,h,m,a,eu,False
han,h,bb,a,i,False
han,h,bb,a,a,False
han,h,b,a,ae,False
han,h,bb,a,a,False
han,h,bb,a,yae,False
han,h,p,a,ye,False
han,h,b,a,ae,False
han,h,bb,a,i,False
han,h,bb,a,yae,False
han,h,n,a,yae,False
han,h,b,a,ae,False
han,h,bb,a,yae,False
han,h,b,a,ae,False
han,h,bb,a,i,False
han,h,ss,a,i,False
han,h,bb,a,ae,False
han,h,p,a,ae,False
han,h,n,a,yae,False
han,h,gg,a,ae,False
han,h,bb,a,yae,False
han,h,bb,a,i,False
han,h,bb,a,yae,False
han,h,bb,a,ae,False
han,h,bb,a,ae,False
han,h,bb,a,ae,False
han,h,p,a,i,False
han,h,p,a,ae,False
han,h,n,a,ae,False
han,h,p,a,yae,False
han,h,s,a,ae,False
han,h,bb,a,ae,False
han,h,bb,a,e,False
han,h,bb,a,ya,False
han,h,b,a,a,False
han,h,bb,a,ae,False
han,h,bb,a,i,False
han,h,bb,a,i,False
han,h,bb,a,ae,False
han,h,bb,a,i,False
han,h,bb,a,i,False
han,h,s,a,yae,False
han,h,m,a,ae,False
han,h,g,a,ae,False
han,h,ss,a,i,False
han,h,bb,a,ae,False
han,h,bb,a,i,False
han,h,s,a,i,False
han,h,s,a,i,False
han,h,s,a,ae,False
han,h,b,a,i,False
han,h,bb,a,yae,False
han,h,bb,a,i,False
han,h,g,a,ae,False
han,h,bb,a,eo,False
han,h,bb,a,ae,False
han,h,bb,a,i,False
han,h,s,a,ae,False
han,h,bb,a,ae,False
han,h,p,a,i,False
han,h,n,a,i,False
han,h,bb,a,yae,False
han,h,ss,a,i,False
han,h,g,a,ae,False
han,h,bb,a,yae,False
han,h,bb,a,ae,False
han,h,bb,a,i,False
han,h,p,a,ae,False
han,h,bb,a,i,False
han,h,s,a,yae,False
han,h,bb,a,ae,False
han,h,b,a,i,False
han,h,bb,a,i,False
han,h,bb,a,i,False
han,h,n,a,ae,False
han,h,d,a,eu,False
han,h,ss,a,ae,False
han,h,bb,a,ae,False
han,h,bb,a,ae,False
han,h,n,a,i,False
han,h,n,a,ae,False
han,h,bb,a,a,False
han,h,bb,a,yae,False
han,h,ss,a,yae,False
han,h,b,a,ae,False
han,h,d,a,eu,False
han,h,bb,a,ae,False
han,h,bb,a,yae,False
han,h,bb,a,i,False
han,h,bb,a,yae,False
han,h,bb,a,eo,False
ja,j,gg,a,ae,False
ja,j,g,a,ae,False
ja,j,bb,a,ae,False
ja,j,p,a,ya,False
ja,j,g,a,yae,False
ja,j,k,a,yae,False
ja,j,g,a,ae,False
ja,j,d,a,ya,False
ja,j,d,a,a,False
ja,j,d,a,a,False
ja,j,k,a,ye,False
ja,j,g,a,eo,False
ja,j,bb,a,ae,False
ja,j,g,a,ya,False
ja,j,gg,a,ae,False
ja,j,g,a,i,False
ja,j,g,a,i,False
ja,j,g,a,ae,False
ja,j,d,a,a,False
ja,j,k,a,yae,False
ja,j,m,a,ae,False
ja,j,p,a,ya,False
ja,j,g,a,yae,False
ja,j,g,a,yae,False
ja,j,g,a,ae,False
ja,j,gg,a,ae,False
ja,j,g,a,yae,False
ja,j,g,a,yae,False
ja,j,d,a,i,False
ja,j,p,a,a,False
ja,j,g,a,i,False
ja,j,p,a,o,False
ja,j,g,a,ae,False
ja,j,g,a,yae,False
ja,j,g,a,ye,False
ja,j,g,a,i,False
ja,j,g,a,ae,False
ja,j,g,a,yae,False
ja,j,r,a,a,False
ja,j,g,a,i,False
ja,j,gg,a,ae,False
ja,j,gg,a,yae,False
ja,j,g,a,eo,False
ja,j,g,a,ae,False
ja,j,gg,a,ae,False
ja,j,g,a,i,False
ja,j,g,a,ae,False
ja,j,r,a,ya,False
ja,j,g,a,i,False
ja,j,k,a,a,False
ja,j,g,a,i,False
ja,j,gg,a,ae,False
ja,j,g,a,ae,False
ja,j,g,a,yae,False
ja,j,g,a,i,False
ja,j,g,a,ae,False
ja,j,k,a,ya,False
ja,j,g,a,i,False
ja,j,r,a,eo,False
ja,j,g,a,i,False
ja,j,g,a,ae,False
ja,j,g,a,ae,False
ja,j,g,a,yae,False
ja,j,g,a,i,False
ja,j,k,a,a,False
ja,j,g,a,ae,False
ja,j,bb,a,yae,False
ja,j,gg,a,ae,False
ja,j,r,a,ae,False
ja,j,d,a,a,False
ja,j,g,a,ae,False
ja,j,p,a,yae,False
ja,j,g,a,yae,False
ja,j,g,a,ya,False
ja,j,gg,a,ae,False
ja,j,bb,a,yae,False
ja,j,gg,a,yae,False
ja,j,g,a,yae,False
ja,j,g,a,ya,False
ja,j,d,a,i,False
ja,j,d,a,ya,False
ja,j,r,a,a,False
ja,j,g,a,eo,False
ja,j,gg,a,i,False
ja,j,k,a,ae,False
ja,j,gg,a,ae,False
ja,j,k,a,ae,False
ja,j,d,a,ya,False
ja,j,r,a,i,False
ja,j,g,a,ae,False
ja,j,g,a,ae,False
ja,j,g,a,ae,False
ja,j,n,a,ya,False
ja,j,g,a,eo,False
ja,j,gg,a,ae,False
ja,j,g,a,yae,False
ja,j,r,a,a,False
ja,j,gg,a,ae,False
ja,j,g,a,yae,False
ja,j,j,a,ya,False
jang,j,k,a,ae,False
jang,j,gg,a,ae,False
jang,j,k,a,ae,False
jang,j,r,a,ye,False
jang,j,gg,a,ye,False
jang,j,g,a,ae,False
jang,j,gg,a,i,False
jang,j,g,a,ae,False
jang,j,g,a,ye,False
jang,j,n,a,ae,False
jang,j,p,a,i,False
jang,j,gg,a,ae,False
jang,j,k,a,i,False
jang,j,bb,a,ae,False
jang,j,g,a,ae,False
jang,j,bb,a,i,False
jang,j,gg,a,eo,False
jang,j,j,a,ya,False
jang,j,g,a,ye,False
jang,j,n,a,i,False
jang,j,r,a,o,False
jang,j,j,a,i,False
jang,j,bb,a,i,False
jang,j,g,a,a,False
jang,j,g,a,ae,False
jang,j,g,a,yae,False
jang,j,p,a,i,False
jang,j,g,a,ae,False
jang,j,p,a,i,False
jang,j,g,a,ae,False
jang,j,r,a,ya,False
jang,j,gg,a,ae,False
jang,j,gg,a,ae,False
jang,j,g,a,yae,False
jang,j,k,a,i,False
jang,j,g,a,ae,False
jang,j,gg,a,ae,False
jang,j,n,a,i,False
jang,j,gg,a,ae,False
jang,j,g,a,yae,False
jang,j,g,a,yo,False
jang,j,g,a,ae,False
jang,j,d,a,i,False
jang,j,gg,a,i,False
jang,j,n,a,eo,False
jang,j,bb,a,ae,False
jang,j,gg,a,ae,False
jang,j,bb,a,eo,False
jang,j,gg,a,ye,False
jang,j,t,a,eu,False
jang,j,k,a,ya,False
jang,j,k,a,ae,False
jang,j,k,a,i,False
jang,j,gg,a,e,False
jang,j,p,a,ae,False
jang,j,n,a,i,False
jang,j,bb,a,i,False
jang,j,gg,a,yae,False
jang,j,g,a,eo,False
jang,j,k,a,ya,False
jang,j,gg,a,i,False
jang,j,bb,a,i,False
jang,j,gg,a,ae,False
jang,j,k,a,ae,False
jang,j,g,a,ae,False
jang,j,g,a,yae,False
jang,j,g,a,ae,False
jang,j,d,a,ya,False
jang,j,g,a,e,False
jang,j,bb,a,yae,False
jang,j,g,a,ae,False
jang,j,gg,a,yae,False
jang,j,gg,a,ae,False
jang,j,k,a,ae,False
jang,j,bb,a,i,False
jang,j,bb,a,ae,False
jang,j,g,a,yae,False
jang,j,bb,a,ae,False
jang,j,n,a,i,False
jang,j,bb,a,eo,False
jang,j,bb,a,i,False
jang,j,g,a,ae,False
jang,j,j,a,ya,False
jang,j,d,a,eu,False
jang,j,gg,a,i,False
jang,j,t,a,eu,False
jang,j,g,a,ae,False
jang,j,g,a,yae,False
jang,j,g,a,ae,False
jang,j,g,a,i,False
jang,j,g,a,ae,False
jang,j,gg,a,ae,False
jang,j,p,a,yae,False
jang,j,g,a,ye,False
jang,j,n,a,i,False
jang,j,g,a,ae,False
jang,j,s,a,i,False
jang,j,n,a,yae,False
jang,j,k,a,ya,False
jang,j,g,a,i,False
je,j,gg,e,ye,False
je,j,gg,e,ae,False
je,j,gg,e,yae,False
je,j,j,e,yu,False
je,j,gg,e,ae,False
je,j,bb,e,ae,False
je,j,d,e,ya,False
je,j,d,e,a,False
je,j,bb,e,ae,False
je,j,bb,e,ae,False
je,j,g,e,ae,False
je,j,k,e,yae,False
je,j,g,e,ye,False
je,j,gg,e,e,False
je,j,p,e,eo,False
je,j,d,e,ae,False
je,j,gg,e,ae,False
je,j,gg,e,ae,False
je,j,gg,e,ae,False
je,j,bb,e,ae,False
je,j,gg,e,ae,False
je,j,gg,e,ae,False
je,j,gg,e,ae,False
je,j,k,e,ae,False
je,j,m,e,ae,False
je,j,gg,e,ae,False
je,j,p,e,ae,False
je,j,r,e,ae,False
je,j,p,e,a,False
je,j,k,e,ae,False
je,j,p,e,ya,False
je,j,gg,e,ae,False
je,j,gg,e,ae,False
je,j,bb,e,ae,False
je,j,gg,e,ae,False
je,j,ch,e,ya,False
je,j,d,e,ya,False
je,j,d,e,ae,False
je,j,bb,e,ye,False
je,j,g,e,e,False
je,j,p,e,ya,False
je,j,g,e,ae,False
je,j,gg,e,yae,False
je,j,t,e,ye,False
je,j,p,e,eo,False
je,j,gg,e,ae,False
je,j,gg,e,ae,False
je,j,d,e,e,False
je,j,bb,e,e,False
je,j,p,e,e,False
je,j,d,e,ya,False
je,j,d,e,ae,False
je,j,g,e,ae,False
je,j,bb,e,ae,False
je,j,gg,e,ae,False
je,j,d,e,yo,False
je,j,k,e,ae,False
je,j,d,e,e,False
je,j,g,e,ye,False
je,j,k,e,ae,False
je,j,p,e,yae,False
je,j,p,e,ae,False
je,j,gg,e,ae,False
je,j,t,e,ye,False
je,j,d,e,ya,False
je,j,g,e,ae,False
je,j,d,e,e,False
je,j,t,e,ae,False
je,j,p,e,yae,False
je,j,p,e,a,False
je,j,k,e,ae,False
je,j,g,e,ae,False
je,j,gg,e,ae,False
je,j,g,e,yae,False
je,j,p,e,e,False
je,j,k,e,ya,False
je,j,d,e,yae,False
je,j,gg,e,ae,False
je,j,p,e,yae,False
je,j,gg,e,yae,False
je,j,g,e,ae,False
je,j,k,e,ae,False
je,j,bb,e,ae,False
je,j,n,e,yae,False
je,j,g,e,ae,False
je,j,bb,e,ae,False
je,j,bb,e,ae,False
je,j,k,e,ae,False
je,j,k,e,ye,False
je,j,b,e,ye,False
je,j,p,e,ya,False
je,j,g,e,ae,False
je,j,gg,e,yae,False
je,j,gg,e,ae,False
je,j,gg,e,ae,False
je,j,gg,e,ae,False
je,j,gg,e,ae,False
je,j,gg,e,ae,False
je,j,g,e,yae,False
je,j,b,e,ae,False
jeok,j,bb,eo,ae,False
jeok,j,gg,eo,ae,False
jeok,j,bb,eo,i,False
jeok,j,gg,eo,i,False
jeok,j,gg,eo,ae,False
jeok,j,gg,eo,i,False
jeok,j,g,eo,eo,False
jeok,j,gg,eo,i,False
jeok,j,gg,eo,i,False
jeok,j,gg,eo,yae,False
jeok,j,gg,eo,ae,False
jeok,j,gg,eo,ye,False
jeok,j,bb,eo,eo,False
jeok,j,bb,eo,i,False
jeok,j,gg,eo,i,False
jeok,j,gg,eo,i,False
jeok,j,gg,eo,ae,False
jeok,j,gg,eo,i,False
jeok,j,gg,eo,i,False
jeok,j,n,eo,yae,False
jeok,j,g,eo,ae,False
jeok,j,bb,eo,i,False
jeok,j,gg,eo,i,False
jeok,j,gg,eo,i,False
jeok,j,r,eo,ae,False
jeok,j,gg,eo,ae,False
jeok,j,gg,eo,i,False
jeok,j,gg,eo,i,False
jeok,j,gg,eo,yae,False
jeok,j,b,eo,yae,False
jeok,j,bb,eo,e,False
jeok,j,gg,eo,ae,False
jeok,j,p,eo,i,False
jeok,j,gg,eo,ae,False
jeok,j,gg,eo,i,False
jeok,j,gg,eo,ae,False
jeok,j,gg,eo,i,False
jeok,j,g,eo,yae,False
jeok,j,gg,eo,ae,False
jeok,j,gg,eo,ae,False
jeok,j,gg,eo,i,False
jeok,j,gg,eo,e,False
jeok,j,gg,eo,ae,False
jeok,j,gg,eo,ae,False
jeok,j,gg,eo,i,False
jeok,j,gg,eo,yae,False
jeok,j,gg,eo,ae,False
jeok,j,gg,eo,ae,False
jeok,j,g,eo,eo,False
jeok,j,g,eo,i,False
jeok,j,gg,eo,yae,False
jeok,j,gg,eo,yae,False
jeok,j,bb,eo,yae,False
jeok,j,gg,eo,yae,False
jeok,j,gg,eo,e,False
jeok,j,gg,eo,ye,False
jeok,j,gg,eo,ae,False
jeok,j,gg,eo,ae,False
jeok,j,gg,eo,i,False
jeok,j,n,eo,eo,False
jeok,j,gg,eo,eo,False
jeok,j,p,eo,ye,False
jeok,j,gg,eo,ae,False
jeok,j,g,eo,ae,False
jeok,j,gg,eo,i,False
jeok,j,gg,eo,eo,False
jeok,j,gg,eo,i,False
jeok,j,gg,eo,yae,False
jeok,j,gg,eo,yae,False
jeok,j,gg,eo,eo,False
jeok,j,b,eo,i,False
jeok,j,gg,eo,e,False
jeok,j,gg,eo,i,False
jeok,j,gg,eo,i,False
jeok,j,b,eo,a,False
jeok,j,gg,eo,ae,False
jeok,j,gg,eo,ae,False
jeok,j,n,eo,eo,False
jeok,j,n,eo,a,False
jeok,j,g,eo,ya,False
jeok,j,gg,eo,ye,False
jeok,j,n,eo,yae,False
jeok,j,gg,eo,i,False
jeok,j,gg,eo,i,False
jeok,j,gg,eo,ae,False
jeok,j,gg,eo,eo,False
jeok,j,k,eo,i,False
jeok,j,bb,eo,ae,False
jeok,j,gg,eo,i,False
jeok,j,gg,eo,ae,False
jeok,j,gg,eo,ae,False
jeok,j,g,eo,ae,False
jeok,j,gg,eo,eo,False
jeok,j,gg,eo,ae,False
jeok,j,gg,eo,i,False
jeok,j,s,eo,i,False
jeok,j,gg,eo,yae,False
jeok,j,g,eo,yae,False
jeok,j,gg,eo,yae,False
jeok,j,gg,eo,ye,False
jeon,j,gg,eo,i,False
jeon,j,gg,eo,e,False
jeon,j,bb,eo,e,False
jeon,j,bb,eo,ae,False
jeon,j,gg,eo,i,False
jeon,j,g,eo,yae,False
jeon,j,r,eo,ae,False
jeon,j,k,eo,ae,False
jeon,j,gg,eo,e,False
jeon,j,g,eo,i,False
jeon,j,gg,eo,ae,False
jeon,j,bb,eo,ae,False
jeon,j,gg,eo,ae,False
jeon,j,bb,eo,ye,False
jeon,j,gg,eo,ae,False
jeon,j,gg,eo,ae,False
jeon,j,bb,eo,ae,False
jeon,j,gg,eo,ae,False
jeon,j,gg,eo,i,False
jeon,j,gg,eo,ae,False
jeon,j,bb,eo,e,False
jeon,j,gg,eo,ae,False
jeon,j,bb,eo,ae,False
jeon,j,gg,eo,ae,False
jeon,j,g,eo,ae,False
jeon,j,gg,eo,ae,False
jeon,j,g,eo,yae,False
jeon,j,gg,eo,yae,False
jeon,j,gg,eo,ae,False
jeon,j,gg,eo,ae,False
jeon,j,k,eo,ae,False
jeon,j,gg,eo,ye,False
jeon,j,bb,eo,ae,False
jeon,j,gg,eo,ae,False
jeon,j,g,eo,i,False
jeon,j,gg,eo,yae,False
jeon,j,g,eo,yae,False
jeon,j,gg,eo,ae,False
jeon,j,bb,eo,ae,False
jeon,j,gg,eo,ae,False
jeon,j,g,eo,ae,False
jeon,j,gg,eo,ae,False
jeon,j,bb,eo,e,False
jeon,j,gg,eo,ae,False
jeon,j,gg,eo,ae,False
jeon,j,gg,eo,ae,False
jeon,j,gg,eo,ae,False
jeon,j,gg,eo,ae,False
jeon,j,bb,eo,eo,False
jeon,j,gg,eo,eo,False
jeon,j,gg,eo,ae,False
jeon,j,bb,eo,yae,False
jeon,j,bb,eo,ae,False
jeon,j,gg,eo,ae,False
jeon,j,gg,eo,ae,False
jeon,j,gg,eo,ae,False
jeon,j,g,eo,ae,False
jeon,j,gg,eo,ae,False
jeon,j,gg,eo,ae,False
jeon,j,gg,eo,ae,False
jeon,j,bb,eo,ae,False
jeon,j,bb,eo,ae,False
jeon,j,gg,eo,ye,False
jeon,j,k,eo,yae,False
jeon,j,p,eo,yae,False
jeon,j,gg,eo,ae,False
jeon,j,gg,eo,ye,False
jeon,j,bb,eo,ae,False
jeon,j,gg,eo,ae,False
jeon,j,g,eo,i,False
jeon,j,ch,eo,i,False
jeon,j,gg,eo,ye,False
jeon,j,gg,eo,yae,False
jeon,j,gg,eo,ae,False
jeon,j,gg,eo,ae,False
jeon,j,g,eo,ae,False
jeon,j,bb,eo,yae,False
jeon,j,gg,eo,yae,False
jeon,j,gg,eo,ae,False
jeon,j,gg,eo,yae,False
jeon,j,g,eo,eu,False
jeon,j,k,eo,ae,False
jeon,j,g,eo,ae,False
jeon,j,gg,eo,ae,False
jeon,j,gg,eo,ye,False
jeon,j,g,eo,ae,False
jeon,j,gg,eo,ae,False
jeon,j,gg,eo,ae,False
jeon,j,gg,eo,ae,False
jeon,j,gg,eo,yae,False
jeon,j,bb,eo,ae,False
jeon,j,bb,eo,ae,False
jeon,j,bb,eo,ye,False
jeon,j,gg,eo,ae,False
jeon,j,g,eo,ae,False
jeon,j,gg,eo,ae,False
jeon,j,g,eo,ye,False
jeon,j,gg,eo,ae,False
jeon,j,g,eo,ae,False
jeon,j,gg,eo,ae,False
jeong,j,bb,eo,ae,False
jeong,j,bb,eo,ae,False
jeong,j,k,eo,eo,False
jeong,j,gg,eo,yae,False
jeong,j,p,eo,i,False
jeong,j,bb,eo,ye,False
jeong,j,k,eo,eo,False
jeong,j,gg,eo,ae,False
jeong,j,k,eo,ya,False
jeong,j,gg,eo,i,False
jeong,j,g,eo,i,False
jeong,j,g,eo,ae,False
jeong,j,g,eo,i,False
jeong,j,g,eo,i,False
jeong,j,bb,eo,eo,False
jeong,j,gg,eo,eo,False
jeong,j,k,eo,a,False
jeong,j,b,eo,yae,False
jeong,j,bb,eo,eo,False
jeong,j,gg,eo,i,False
jeong,j,k,eo,i,False
jeong,j,b,eo,i,False
jeong,j,g,eo,i,False
jeong,j,gg,eo,i,False
jeong,j,ch,eo,i,False
jeong,j,g,eo,i,False
jeong,j,g,eo,i,False
jeong,j,k,eo,ya,False
jeong,j,gg,eo,i,False
jeong,j,gg,eo,ye,False
jeong,j,g,eo,i,False
jeong,j,b,eo,ae,False
jeong,j,gg,eo,i,False
jeong,j,gg,eo,yae,False
jeong,j,bb,eo,i,False
jeong,j,gg,eo,ae,False
jeong,j,bb,eo,ae,False
jeong,j,g,eo,ye,False
jeong,j,g,eo,e,False
jeong,j,bb,eo,eo,False
jeong,j,bb,eo,i,False
jeong,j,bb,eo,i,False
jeong,j,gg,eo,ye,False
jeong,j,gg,eo,i,False
jeong,j,g,eo,ae,False
jeong,j,k,eo,i,False
jeong,j,bb,eo,i,False
jeong,j,gg,eo,ae,False
jeong,j,gg,eo,i,False
jeong,j,gg,eo,ae,False
jeong,j,gg,eo,ae,False
jeong,j,gg,eo,ae,False
jeong,j,g,eo,eo,False
jeong,j,g,eo,i,False
jeong,j,gg,eo,i,False
jeong,j,gg,eo,i,False
jeong,j,bb,eo,ae,False
jeong,j,bb,eo,yae,False
jeong,j,bb,eo,i,False
jeong,j,gg,eo,i,False
jeong,j,gg,eo,i,False
jeong,j,r,eo,ae,False
jeong,j,g,eo,ae,False
jeong,j,gg,eo,ae,False
jeong,j,g,eo,e,False
jeong,j,gg,eo,i,False
jeong,j,gg,eo,ae,False
jeong,j,gg,eo,eo,False
jeong,j,g,eo,i,False
jeong,j,b,eo,yae,False
jeong,j,gg,eo,ae,False
jeong,j,bb,eo,i,False
jeong,j,bb,eo,ae,False
jeong,j,k,eo,i,False
jeong,j,g,eo,ae,False
jeong,j,gg,eo,yae,False
jeong,j,gg,eo,eo,False
jeong,j,k,eo,i,False
jeong,j,bb,eo,yae,False
jeong,j,k,eo,eo,False
jeong,j,g,eo,yae,False
jeong,j,gg,eo,ye,False
jeong,j,bb,eo,i,False
jeong,j,k,eo,i,False
jeong,j,bb,eo,i,False
jeong,j,bb,eo,yae,False
jeong,j,gg,eo,ye,False
jeong,j,gg,eo,i,False
jeong,j,gg,eo,ae,False
jeong,j,g,eo,ae,False
jeong,j,gg,eo,i,False
jeong,j,gg,eo,i,False
jeong,j,b,eo,ae,False
jeong,j,gg,eo,ae,False
jeong,j,gg,eo,yae,False
jeong,j,gg,eo,ae,False
jeong,j,gg,eo,i,False
jeong,j,g,eo,i,False
jeong,j,gg,eo,ae,False
jeong,j,gg,eo,i,False
ji,j,m,i,ae,False
ji,j,k,i,i,False
ji,j,d,i,ya,False
ji,j,g,i,i,False
ji,j,g,i,ae,False
ji,j,g,i,i,False
ji,j,k,i,ae,False
ji,j,g,i,i,False
ji,j,g,i,ae,False
ji,j,m,i,ae,False
ji,j,k,i,ae,False
ji,j,k,i,ae,False
ji,j,bb,i,i,False
ji,j,g,i,ae,False
ji,j,g,i,ae,False
ji,j,gg,i,ae,False
ji,j,g,i,ae,False
ji,j,g,i,yae,False
ji,j,bb,i,ae,False
ji,j,k,i,i,False
ji,j,k,i,eo,False
ji,j,bb,i,ae,False
ji,j,gg,i,ye,False
ji,j,g,i,i,False
ji,j,g,i,ae,False
ji,j,g,i,ae,False
ji,j,g,i,i,False
ji,j,g,i,ae,False
ji,j,g,i,yae,False
ji,j,k,i,ae,False
ji,j,bb,i,yae,False
ji,j,g,i,yae,False
ji,j,g,i,ae,False
ji,j,k,i,i,False
ji,j,g,i,i,False
ji,j,k,i,ae,False
ji,j,k,i,i,False
ji,j,k,i,ae,False
ji,j,k,i,eo,False
ji,j,k,i,yae,False
ji,j,d,i,i,False
ji,j,k,i,ae,False
ji,j,gg,i,ae,False
ji,j,k,i,ae,False
ji,j,gg,i,ae,False
ji,j,gg,i,ae,False
ji,j,k,i,ae,False
ji,j,g,i,eo,False
ji,j,bb,i,yae,False
ji,j,g,i,yae,False
ji,j,k,i,ae,False
ji,j,p,i,i,False
ji,j,k,i,i,False
ji,j,g,i,ae,False
ji,j,k,i,ae,False
ji,j,g,i,ae,False
ji,j,k,i,ae,False
ji,j,k,i,ae,False
ji,j,g,i,ae,False
ji,j,k,i,ae,False
ji,j,k,i,ae,False
ji,j,g,i,ae,False
ji,j,g,i,i,False
ji,j,k,i,ye,False
ji,j,g,i,i,False
ji,j,g,i,ae,False
ji,j,g,i,ae,False
ji,j,bb,i,i,False
ji,j,g,i,ye,False
ji,j,bb,i,yae,False
ji,j,k,i,ae,False
ji,j,k,i,ae,False
ji,j,gg,i,ae,False
ji,j,k,i,eo,False
ji,j,g,i,yae,False
ji,j,g,i,ae,False
ji,j,k,i,ae,False
ji,j,g,i,ae,False
ji,j,b,i,ae,False
ji,j,k,i,ae,False
ji,j,k,i,ae,False
ji,j,g,i,i,False
ji,j,k,i,i,False
ji,j,k,i,ae,False
ji,j,g,i,yae,False
ji,j,gg,i,ae,False
ji,j,bb,i,e,False
ji,j,k,i,ae,False
ji,j,g,i,yae,False
ji,j,bb,i,i,False
ji,j,k,i,ae,False
ji,j,g,i,eo,False
ji,j,k,i,ae,False
ji,j,g,i,i,False
ji,j,gg,i,eo,False
ji,j,g,i,ae,False
ji,j,k,i,i,False
ji,j,k,i,eo,False
ji,j,g,i,ae,False
ji,j,k,i,eo,False
jo,j,k,o,i,False
jo,j,k,o,u,False
jo,j,k,o,eu,False
jo,j,d,o,eu,False
jo,j,g,o,ae,False
jo,j,k,o,i,False
jo,j,g,o,ae,False
jo,j,s,o,i,False
jo,j,k,o,i,False
jo,j,k,o,i,False
jo,j,g,o,i,False
jo,j,k,o,i,False
jo,j,g,o,ae,False
jo,j,g,o,i,False
jo,j,gg,o,a,False
jo,j,g,o,e,False
jo,j,g,o,i,False
jo,j,g,o,i,False
jo,j,g,o,a,False
jo,j,g,o,i,False
jo,j,g,o,i,False
jo,j,d,o,eu,False
jo,j,g,o,i,False
jo,j,g,o,i,False
jo,j,n,o,i,False
jo,j,g,o,i,False
jo,j,gg,o,yae,False
jo,j,r,o,eu,False
jo,j,ch,o,ye,False
jo,j,g,o,ae,False
jo,j,g,o,i,False
jo,j,g,o,i,False
jo,j,g,o,i,False
jo,j,g,o,e,False
jo,j,gg,o,i,False
jo,j,k,o,i,False
jo,j,d,o,eu,False
jo,j,d,o,u,False
jo,j,p,o,yae,False
jo,j,r,o,i,False
jo,j,g,o,i,False
jo,j,g,o,i,False
jo,j,g,o,eu,False
jo,j,n,o,i,False
jo,j,g,o,a,False
jo,j,g,o,i,False
jo,j,g,o,i,False
jo,j,n,o,a,False
jo,j,k,o,ae,False
jo,j,g,o,i,False
jo,j,g,o,i,False
jo,j,d,o,eu,False
jo,j,n,o,i,False
jo,j,g,o,i,False
jo,j,g,o,ae,False
jo,j,g,o,ae,False
jo,j,g,o,e,False
jo,j,g,o,i,False
jo,j,n,o,i,False
jo,j,n,o,i,False
jo,j,t,o,eu,False
jo,j,g,o,yae,False
jo,j,g,o,i,False
jo,j,g,o,i,False
jo,j,g,o,ya,False
jo,j,g,o,i,False
jo,j,g,o,i,False
jo,j,g,o,i,False
jo,j,n,o,i,False
jo,j,g,o,i,False
jo,j,k,o,ya,False
jo,j,g,o,ae,False
jo,j,g,o,a,False
jo,j,g,o,ae,False
jo,j,g,o,i,False
jo,j,n,o,i,False
jo,j,g,o,i,False
jo,j,g,o,i,False
jo,j,n,o,ya,False
jo,j,g,o,i,False
jo,j,n,o,i,False
jo,j,g,o,ae,False
jo,j,g,o,eu,False
jo,j,g,o,ya,False
jo,j,g,o,ae,False
jo,j,g,o,i,False
jo,j,g,o,eu,False
jo,j,d,o,eu,False
jo,j,n,o,ae,False
jo,j,g,o,ae,False
jo,j,g,o,yae,False
jo,j,g,o,ae,False
jo,j,r,o,i,False
jo,j,g,o,i,False
jo,j,g,o,i,False
jo,j,d,o,i,False
jo,j,g,o,i,False
jo,j,g,o,i,False
jo,j,gg,o,i,False
jo,j,g,o,i,False
ju,j,ch,u,ae,False
ju,j,g,u,ae,False
ju,j,n,u,i,False
ju,j,k,u,ae,False
ju,j,n,u,ae,False
ju,j,n,u,a,False
ju,j,r,u,ae,False
ju,j,g,u,yae,False
ju,j,g,u,i,False
ju,j,g,u,i,False
ju,j,g,u,ae,False
ju,j,g,u,yae,False
ju,j,g,u,yae,False
ju,j,g,u,ya,False
ju,j,g,u,eo,False
ju,j,n,u,yae,False
ju,j,g,u,a,False
ju,j,g,u,ae,False
ju,j,g,u,ae,False
ju,j,gg,u,ae,False
ju,j,g,u,i,False
ju,j,g,u,i,False
ju,j,n,u,i,False
ju,j,g,u,ae,False
ju,j,g,u,yae,False
ju,j,g,u,yae,False
ju,j,s,u,eo,False
ju,j,g,u,a,False
ju,j,g,u,yae,False
ju,j,g,u,i,False
ju,j,g,u,i,False
ju,j,g,u,i,False
ju,j,g,u,yae,False
ju,j,g,u,yae,False
ju,j,ch,u,ae,False
ju,j,k,u,i,False
ju,j,g,u,i,False
ju,j,g,u,ae,False
ju,j,gg,u,yae,False
ju,j,g,u,ae,False
ju,j,j,u,ae,False
ju,j,j,u,i,False
ju,j,g,u,ae,False
ju,j,g,u,yae,False
ju,j,g,u,eu,False
ju,j,g,u,yae,False
ju,j,gg,u,ae,False
ju,j,g,u,ae,False
ju,j,n,u,ya,False
ju,j,g,u,ae,False
ju,j,r,u,o,False
ju,j,g,u,o,False
ju,j,g,u,yae,False
ju,j,n,u,yae,False
ju,j,n,u,yae,False
ju,j,bb,u,i,False
ju,j,s,u,ae,False
ju,j,gg,u,yae,False
ju,j,n,u,ya,False
ju,j,k,u,ae,False
ju,j,j,u,eo,False
ju,j,bb,u,yae,False
ju,j,g,u,a,False
ju,j,j,u,i,False
ju,j,g,u,ae,False
ju,j,n,u,i,False
ju,j,gg,u,i,False
ju,j,gg,u,eo,False
ju,j,n,u,i,False
ju,j,k,u,ae,False
ju,j,ch,u,i,False
ju,j,g,u,i,False
ju,j,n,u,yae,False
ju,j,g,u,ae,False
ju,j,g,u,e,False
ju,j,g,u,i,False
ju,j,n,u,a,False
ju,j,g,u,ae,False
ju,j,d,u,ae,False
ju,j,n,u,ae,False
ju,j,g,u,yae,False
ju,j,g,u,ae,False
ju,j,g,u,ae,False
ju,j,g,u,ae,False
ju,j,p,u,i,False
ju,j,p,u,i,False
ju,j,n,u,yae,False
ju,j,n,u,i,False
ju,j,g,u,ae,False
ju,j,s,u,ae,False
ju,j,n,u,a,False
ju,j,d,u,eu,False
ju,j,n,u,ae,False
ju,j,k,u,yae,False
ju,j,gg,u,i,False
ju,j,n,u,i,False
ju,j,n,u,i,False
ju,j,n,u,i,False
ju,j,n,u,ya,False
ju,j,g,u,ae,False
na,n,g,a,yae,False
na,n,g,a,yae,False
na,n,n,a,yae,False
na,n,n,a,ae,False
na,n,n,a,ae,False
na,n,gg,a,yae,False
na,n,n,a,ae,False
na,n,n,a,a,True
na,n,n,a,ae,False
na,n,g,a,ae,False
na,n,n,a,yae,False
na,n,n,a,ae,False
na,n,n,a,ae,False
na,n,gg,a,ae,False
na,n,g,a,ae,False
na,n,n,a,ae,False
na,n,g,a,yae,False
na,n,n,a,yae,False
na,n,g,a,ya,False
na,n,n,a,yae,False
na,n,n,a,i,False
na,n,n,a,yae,False
na,n,g,a,ae,False
na,n,gg,a,ae,False
na,n,g,a,ae,False
na,n,n,a,yae,False
na,n,gg,a,ae,False
na,n,n,a,yae,False
na,n,g,a,yae,False
na,n,n,a,ae,False
na,n,gg,a,yae,False
na,n,g,a,yae,False
na,n,g,a,yae,False
na,n,gg,a,ae,False
na,n,g,a,i,False
na,n,n,a,i,False
na,n,p,a,ae,False
na,n,n,a,yae,False
na,n,n,a,eo,False
na,n,n,a,ae,False
na,n,n,a,yae,False
na,n,n,a,yae,False
na,n,gg,a,ae,False
na,n,gg,a,ae,False
na,n,n,a,yae,False
na,n,bb,a,yae,False
na,n,gg,a,yae,False
na,n,n,a,i,False
na,n,g,a,ae,False
na,n,n,a,ae,False
na,n,g,a,yae,False
na,n,n,a,ae,False
na,n,bb,a,i,False
na,n,gg,a,ae,False
na,n,g,a,eu,False
na,n,n,a,i,False
na,n,g,a,a,False
na,n,g,a,i,False
na,n,n,a,ae,False
na,n,n,a,ae,False
na,n,g,a,ae,False
na,n,g,a,ae,False
na,n,g,a,ae,False
na,n,g,a,eu,False
na,n,gg,a,ae,False
na,n,n,a,yae,False
na,n,n,a,eu,False
na,n,n,a,ae,False
na,n,n,a,ae,False
na,n,g,a,ae,False
na,n,n,a,ae,False
na,n,n,a,ya,False
na,n,g,a,ae,False
na,n,n,a,yae,False
na,n,n,a,ya,False
na,n,n,a,yae,False
na,n,n,a,ae,False
na,n,n,a,ae,False
na,n,n,a,i,False
na,n,g,a,i,False
na,n,d,a,ya,False
na,n,n,a,yae,False
na,n,g,a,i,False
na,n,n,a,i,False
na,n,g,a,i,False
na,n,n,a,ae,False
na,n,g,a,o,False
na,n,n,a,yae,False
na,n,gg,a,yae,False
na,n,n,a,yae,False
na,n,g,a,eu,False
na,n,n,a,eu,False
na,n,gg,a,ae,False
na,n,n,a,ae,False
na,n,n,a,i,False
na,n,n,a,i,False
na,n,p,a,i,False
na,n,n,a,yae,False
na,n,g,a,o,False
na,n,g,a,ae,False
neun,n,n,eu,ae,False
neun,n,n,eu,yae,False
neun,n,n,eu,a,False
neun,n,k,eu,o,False
neun,n,k,eu,eu,False
neun,n,n,eu,a,False
neun,n,n,eu,a,False
neun,n,n,eu,yae,False
neun,n,n,eu,yae,False
neun,n,b,eu,i,False
neun,n,k,eu,eu,False
neun,n,k,eu,eu,False
neun,n,n,eu,ae,False
neun,n,k,eu,eu,False
neun,n,k,eu,o,False
neun,n,n,eu,a,False
neun,n,k,eu,eu,False
neun,n,k,eu,eu,False
neun,n,k,eu,eu,False
neun,n,k,eu,eu,False
neun,n,n,eu,i,False
neun,n,ch,eu,eu,False
neun,n,n,eu,yae,False
neun,n,k,eu,eu,False
neun,n,n,eu,a,False
neun,n,n,eu,yae,False
neun,n,k,eu,eu,False
neun,n,n,eu,i,False
neun,n,k,eu,eu,False
neun,n,k,eu,o,False
neun,n,n,eu,a,False
neun,n,k,eu,eu,False
neun,n,n,eu,i,False
neun,n,n,eu,i,False
neun,n,n,eu,yae,False
neun,n,d,eu,o,False
neun,n,k,eu,eu,False
neun,n,n,eu,yae,False
neun,n,n,eu,i,False
neun,n,n,eu,a,False
neun,n,g,eu,eu,False
neun,n,g,eu,eu,False
neun,n,n,eu,i,False
neun,n,k,eu,eu,False
neun,n,n,eu,yae,False
neun,n,k,eu,eu,False
neun,n,k,eu,o,False
neun,n,n,eu,i,False
neun,n,k,eu,eu,False
neun,n,g,eu,eu,False
neun,n,k,eu,eu,False
neun,n,n,eu,i,False
neun,n,n,eu,yae,False
neun,n,n,eu,yu,False
neun,n,k,eu,eu,False
neun,n,k,eu,eu,False
neun,n,n,eu,o,False
neun,n,k,eu,eu,False
neun,n,k,eu,eu,False
neun,n,n,eu,i,False
neun,n,k,eu,eu,False
neun,n,k,eu,eu,False
neun,n,n,eu,a,False
neun,n,n,eu,yu,False
neun,n,n,eu,o,False
neun,n,r,eu,eu,False
neun,n,k,eu,eu,False
neun,n,n,eu,i,False
neun,n,n,eu,i,False
neun,n,k,eu,eu,False
neun,n,n,eu,ya,False
neun,n,k,eu,eu,False
neun,n,n,eu,eu,True
neun,n,n,eu,ya,False
neun,n,n,eu,ae,False
neun,n,k,eu,o,False
neun,n,d,eu,eu,False
neun,n,n,eu,i,False
neun,n,k,eu,eu,False
neun,n,k,eu,eu,False
neun,n,n,eu,yae,False
neun,n,k,eu,eu,False
neun,n,n,eu,yae,False
neun,n,d,eu,i,False
neun,n,k,eu,eu,False
neun,n,g,eu,eu,False
neun,n,k,eu,eu,False
neun,n,n,eu,yae,False
neun,n,k,eu,o,False
neun,n,n,eu,i,False
neun,n,d,eu,i,False
neun,n,k,eu,eu,False
neun,n,n,eu,i,False
neun,n,n,eu,i,False
neun,n,d,eu,i,False
neun,n,n,eu,i,False
neun,n,k,eu,eu,False
neun,n,n,eu,ae,False
neun,n,n,eu,i,False
neun,n,n,eu,a,False
ra,r,d,a,eu,False
ra,r,t,a,a,False
ra,r,k,a,ae,False
ra,r,g,a,ya,False
ra,r,p,a,yae,False
ra,r,d,a,eu,False
ra,r,bb,a,yae,False
ra,r,d,a,eu,False
ra,r,bb,a,yae,False
ra,r,g,a,i,False
ra,r,m,a,eu,False
ra,r,g,a,ya,False
ra,r,p,a,ae,False
ra,r,g,a,yae,False
ra,r,p,a,ya,False
ra,r,gg,a,ae,False
ra,r,n,a,ae,False
ra,r,p,a,a,False
ra,r,g,a,ya,False
ra,r,t,a,ya,False
ra,r,g,a,ya,False
ra,r,p,a,a,False
ra,r,t,a,eu,False
ra,r,g,a,yae,False
ra,r,gg,a,ae,False
ra,r,g,a,ya,False
ra,r,t,a,ya,False
ra,r,bb,a,yae,False
ra,r,g,a,ae,False
ra,r,r,a,eu,False
ra,r,r,a,a,True
ra,r,n,a,yae,False
ra,r,r,a,ya,False
ra,r,g,a,yae,False
ra,r,g,a,ae,False
ra,r,k,a,ae,False
ra,r,d,a,a,False
ra,r,d,a,ya,False
ra,r,g,a,yae,False
ra,r,r,a,eu,False
ra,r,p,a,eu,False
ra,r,p,a,eu,False
ra,r,t,a,ya,False
ra,r,r,a,eu,False
ra,r,k,a,ae,False
ra,r,k,a,i,False
ra,r,g,a,ya,False
ra,r,g,a,ya,False
ra,r,r,a,a,True
ra,r,t,a,ya,False
ra,r,p,a,yae,False
ra,r,bb,a,i,False
ra,r,p,a,ae,False
ra,r,p,a,eu,False
ra,r,gg,a,ae,False
ra,r,n,a,ae,False
ra,r,g,a,o,False
ra,r,g,a,e,False
ra,r,t,a,eu,False
ra,r,t,a,eu,False
ra,r,p,a,yae,False
ra,r,n,a,ae,False
ra,r,g,a,ae,False
ra,r,gg,a,ae,False
ra,r,k,a,i,False
ra,r,gg,a,ae,False
ra,r,b,a,ae,False
ra,r,d,a,i,False
ra,r,n,a,yae,False
ra,r,p,a,eu,False
ra,r,d,a,ya,False
ra,r,p,a,ya,False
ra,r,n,a,yae,False
ra,r,g,a,yae,False
ra,r,p,a,ya,False
ra,r,t,a,eu,False
ra,r,g,a,ya,False
ra,r,n,a,ae,False
ra,r,g,a,eu,False
ra,r,k,a,ya,False
ra,r,p,a,yae,False
ra,r,g,a,yae,False
ra,r,n,a,yae,False
ra,r,p,a,yae,False
ra,r,d,a,ya,False
ra,r,d,a,a,False
ra,r,k,a,ya,False
ra,r,p,a,a,False
ra,r,n,a,ae,False
ra,r,g,a,i,False
ra,r,t,a,eu,False
ra,r,gg,a,ae,False
ra,r,g,a,eu,False
ra,r,g,a,i,False
ra,r,r,a,a,True
ra,r,g,a,yae,False
ra,r,g,a,ya,False
ra,r,d,a,ya,False
ra,r,g,a,a,False
ra,r,g,a,yae,False
reul,r,n,eu,i,False
reul,r,p,eu,eo,False
reul,r,n,eu,i,False
reul,r,n,eu,ae,False
reul,r,g,eu,i,False
reul,r,n,eu,i,False
reul,r,n,eu,ae,False
reul,r,n,eu,i,False
reul,r,n,eu,i,False
reul,r,n,eu,yae,False
reul,r,n,eu,ae,False
reul,r,n,eu,i,False
reul,r,g,eu,i,False
reul,r,n,eu,i,False
reul,r,n,eu,i,False
reul,r,g,eu,i,False
reul,r,g,eu,ae,False
reul,r,g,eu,yae,False
reul,r,n,eu,yae,False
reul,r,s,eu,e,False
reul,r,n,eu,i,False
reul,r,n,eu,i,False
reul,r,b,eu,i,False
reul,r,n,eu,ae,False
reul,r,n,eu,yae,False
reul,r,g,eu,ae,False
reul,r,n,eu,yae,False
reul,r,n,eu,ya,False
reul,r,n,eu,i,False
reul,r,n,eu,i,False
reul,r,n,eu,ae,False
reul,r,n,eu,i,False
reul,r,d,eu,i,False
reul,r,d,eu,i,False
reul,r,bb,eu,i,False
reul,r,n,eu,i,False
reul,r,n,eu,i,False
reul,r,n,eu,eo,False
reul,r,n,eu,yae,False
reul,r,d,eu,ae,False
reul,r,k,eu,ya,False
reul,r,n,eu,i,False
reul,r,n,eu,ae,False
reul,r,g,eu,ae,False
reul,r,n,eu,i,False
reul,r,n,eu,ae,False
reul,r,d,eu,eo,False
reul,r,g,eu,ae,False
reul,r,bb,eu,ae,False
reul,r,s,eu,ae,False
reul,r,n,eu,i,False
reul,r,bb,eu,eo,False
reul,r,g,eu,i,False
reul,r,ch,eu,i,False
reul,r,g,eu,yae,False
reul,r,d,eu,i,False
reul,r,d,eu,ae,False
reul,r,d,eu,eo,False
reul,r,g,eu,yae,False
reul,r,g,eu,yae,False
reul,r,d,eu,ae,False
reul,r,n,eu,i,False
reul,r,g,eu,ae,False
reul,r,n,eu,ae,False
reul,r,n,eu,yae,False
reul,r,n,eu,eo,False
reul,r,d,eu,eo,False
reul,r,n,eu,ae,False
reul,r,g,eu,yae,False
reul,r,g,eu,yae,False
reul,r,d,eu,ae,False
reul,r,bb,eu,i,False
reul,r,g,eu,yae,False
reul,r,g,eu,ya,False
reul,r,d,eu,eo,False
reul,r,r,eu,ae,False
reul,r,d,eu,i,False
reul,r,n,eu,i,False
reul,r,g,eu,ae,False
reul,r,ch,eu,yae,False
reul,r,n,eu,i,False
reul,r,n,eu,i,False
reul,r,g,eu,yae,False
reul,r,g,eu,yae,False
reul,r,h,eu,ae,False
reul,r,n,eu,i,False
reul,r,n,eu,ae,False
reul,r,d,eu,eo,False
reul,r,n,eu,i,False
reul,r,n,eu,i,False
reul,r,n,eu,i,False
reul,r,n,eu,i,False
reul,r,d,eu,i,False
reul,r,g,eu,yae,False
reul,r,g,eu,ae,False
reul,r,d,eu,eo,False
reul,r,d,eu,i,False
reul,r,g,eu,ae,False
reul,r,g,eu,eo,False
reul,r,n,eu,i,False
ri,r,gg,i,ae,False
ri,r,g,i,ae,False
ri,r,n,i,yae,False
ri,r,gg,i,yae,False
ri,r,g,i,ae,False
ri,r,g,i,yae,False
ri,r,gg,i,yae,False
ri,r,g,i,yae,False
ri,r,bb,i,eo,False
ri,r,g,i,ae,False
ri,r,k,i,yae,False
ri,r,k,i,ae,False
ri,r,bb,i,eo,False
ri,r,bb,i,ae,False
ri,r,n,i,yae,False
ri,r,g,i,eo,False
ri,r,g,i,yae,False
ri,r,g,i,i,False
ri,r,g,i,ye,False
ri,r,bb,i,ae,False
ri,r,gg,i,yae,False
ri,r,g,i,i,False
ri,r,bb,i,yae,False
ri,r,n,i,i,False
ri,r,k,i,ae,False
ri,r,n,i,yae,False
ri,r,g,i,i,False
ri,r,n,i,i,False
ri,r,p,i,ae,False
ri,r,k,i,yae,False
ri,r,gg,i,yae,False
ri,r,gg,i,ae,False
ri,r,bb,i,ae,False
ri,r,g,i,ae,False
ri,r,d,i,i,False
ri,r,n,i,ae,False
ri,r,k,i,yae,False
ri,r,g,i,ae,False
ri,r,k,i,ae,False
ri,r,gg,i,yae,False
ri,r,g,i,i,False
ri,r,g,i,yae,False
ri,r,g,i,yae,False
ri,r,g,i,yae,False
ri,r,n,i,yae,False
ri,r,n,i,ae,False
ri,r,k,i,ae,False
ri,r,g,i,ae,False
ri,r,gg,i,i,False
ri,r,g,i,i,False
ri,r,n,i,yae,False
ri,r,n,i,yae,False
ri,r,g,i,yae,False
ri,r,gg,i,yae,False
ri,r,gg,i,ae,False
ri,r,gg,i,yae,False
ri,r,bb,i,yae,False
ri,r,n,i,yae,False
ri,r,p,i,yae,False
ri,r,g,i,i,False
ri,r,n,i,i,False
ri,r,gg,i,yae,False
ri,r,k,i,ye,False
ri,r,p,i,ae,False
ri,r,gg,i,ae,False
ri,r,bb,i,ae,False
ri,r,bb,i,ae,False
ri,r,g,i,yae,False
ri,r,g,i,e,False
ri,r,g,i,ae,False
ri,r,g,i,yae,False
ri,r,g,i,yae,False
ri,r,gg,i,ae,False
ri,r,g,i,ae,False
ri,r,g,i,yae,False
ri,r,gg,i,ae,False
ri,r,bb,i,ae,False
ri,r,g,i,ae,False
ri,r,bb,i,i,False
ri,r,bb,i,yae,False
ri,r,g,i,ae,False
ri,r,n,i,yae,False
ri,r,gg,i,yae,False
ri,r,bb,i,ae,False
ri,r,g,i,e,False
ri,r,g,i,ae,False
ri,r,b,i,ae,False
ri,r,g,i,ae,False
ri,r,bb,i,yae,False
ri,r,bb,i,i,False
ri,r,bb,i,ae,False
ri,r,g,i,yae,False
ri,r,bb,i,ae,False
ri,r,gg,i,ae,False
ri,r,g,i,ae,False
ri,r,b,i,ae,False
ri,r,gg,i,ae,False
ri,r,gg,i,ae,False
ri,r,g,i,i,False
ri,r,bb,i,ae,False
ro,r,g,o,ae,False
ro,r,g,o,yae,False
ro,r,d,o,a,False
ro,r,g,o,i,False
ro,r,g,o,i,False
ro,r,d,o,a,False
ro,r,g,o,yae,False
ro,r,g,o,eo,False
ro,r,g,o,ae,False
ro,r,b,o,i,False
ro,r,g,o,yae,False
ro,r,g,o,eu,False
ro,r,g,o,e,False
ro,r,g,o,yae,False
ro,r,n,o,ae,False
ro,r,g,o,ae,False
ro,r,r,o,i,False
ro,r,g,o,i,False
ro,r,g,o,i,False
ro,r,g,o,i,False
ro,r,gg,o,i,False
ro,r,g,o,i,False
ro,r,g,o,ae,False
ro,r,g,o,yae,False
ro,r,g,o,ae,False
ro,r,r,o,o,True
ro,r,g,o,ae,False
ro,r,g,o,ae,False
ro,r,g,o,i,False
ro,r,bb,o,ae,False
ro,r,m,o,yae,False
ro,r,g,o,ae,False
ro,r,g,o,ae,False
ro,r,g,o,ya,False
ro,r,g,o,yae,False
ro,r,n,o,i,False
ro,r,b,o,ae,False
ro,r,g,o,i,False
ro,r,gg,o,i,False
ro,r,g,o,i,False
ro,r,g,o,ae,False
ro,r,g,o,ae,False
ro,r,g,o,ae,False
ro,r,g,o,yae,False
ro,r,s,o,ae,False
ro,r,n,o,ae,False
ro,r,g,o,ae,False
ro,r,g,o,yae,False
ro,r,g,o,ya,False
ro,r,ch,o,yae,False
ro,r,d,o,yae,False
ro,r,g,o,i,False
ro,r,k,o,i,False
ro,r,k,o,ae,False
ro,r,d,o,a,False
ro,r,k,o,yae,False
ro,r,bb,o,ae,False
ro,r,m,o,ae,False
ro,r,p,o,ya,False
ro,r,g,o,ae,False
ro,r,g,o,i,False
ro,r,g,o,ae,False
ro,r,bb,o,a,False
ro,r,r,o,eu,False
ro,r,n,o,ae,False
ro,r,r,o,a,False
ro,r,b,o,ae,False
ro,r,g,o,ae,False
ro,r,g,o,ae,False
ro,r,d,o,ae,False
ro,r,g,o,ae,False
ro,r,d,o,i,False
ro,r,d,o,i,False
ro,r,d,o,a,False
ro,r,g,o,yae,False
ro,r,d,o,eu,False
ro,r,g,o,yae,False
ro,r,m,o,yae,False
ro,r,bb,o,ae,False
ro,r,b,o,ae,False
ro,r,g,o,i,False
ro,r,g,o,ae,False
ro,r,k,o,i,False
ro,r,g,o,i,False
ro,r,g,o,i,False
ro,r,g,o,ae,False
ro,r,g,o,i,False
ro,r,bb,o,i,False
ro,r,d,o,ae,False
ro,r,g,o,i,False
ro,r,k,o,eu,False
ro,r,d,o,i,False
ro,r,g,o,ae,False
ro,r,g,o,yae,False
ro,r,g,o,i,False
ro,r,g,o,i,False
ro,r,n,o,ae,False
ro,r,g,o,ae,False
ro,r,g,o,i,False
ro,r,n,o,ae,False
sa,s,n,a,yae,False
sa,s,p,a,yae,False
sa,s,gg,a,ae,False
sa,s,g,a,ae,False
sa,s,g,a,ae,False
sa,s,g,a,ae,False
sa,s,n,a,ae,False
sa,s,g,a,yae,False
sa,s,g,a,ae,False
sa,s,g,a,ae,False
sa,s,gg,a,ae,False
sa,s,bb,a,i,False
sa,s,p,a,eo,False
sa,s,p,a,ya,False
sa,s,g,a,ae,False
sa,s,gg,a,yae,False
sa,s,gg,a,ae,False
sa,s,g,a,yae,False
sa,s,g,a,ae,False
sa,s,gg,a,i,False
sa,s,gg,a,ae,False
sa,s,gg,a,yae,False
sa,s,n,a,yae,False
sa,s,n,a,ae,False
sa,s,gg,a,ae,False
sa,s,bb,a,i,False
sa,s,g,a,ae,False
sa,s,g,a,ae,False
sa,s,g,a,ae,False
sa,s,gg,a,yae,False
sa,s,bb,a,ye,False
sa,s,gg,a,ye,False
sa,s,p,a,ae,False
sa,s,g,a,a,False
sa,s,g,a,ae,False
sa,s,gg,a,ae,False
sa,s,gg,a,ae,False
sa,s,g,a,ae,False
sa,s,g,a,a,False
sa,s,g,a,i,False
sa,s,gg,a,ae,False
sa,s,gg,a,ae,False
sa,s,g,a,ae,False
sa,s,g,a,ae,False
sa,s,g,a,ae,False
sa,s,g,a,i,False
sa,s,m,a,eu,False
sa,s,g,a,ae,False
sa,s,gg,a,ae,False
sa,s,g,a,i,False
sa,s,gg,a,ae,False
sa,s,gg,a,ae,False
sa,s,g,a,yae,False
sa,s,g,a,yae,False
sa,s,gg,a,ae,False
sa,s,g,a,yae,False
sa,s,n,a,i,False
sa,s,g,a,ae,False
sa,s,g,a,i,False
sa,s,g,a,yae,False
sa,s,p,a,a,False
sa,s,gg,a,ae,False
sa,s,gg,a,ae,False
sa,s,n,a,ae,False
sa,s,g,a,i,False
sa,s,gg,a,i,False
sa,s,g,a,ae,False
sa,s,g,a,ae,False
sa,s,g,a,ae,False
sa,s,g,a,ae,False
sa,s,gg,a,ae,False
sa,s,g,a,ae,False
sa,s,gg,a,ae,False
sa,s,bb,a,i,False
sa,s,g,a,ae,False
sa,s,g,a,ae,False
sa,s,g,a,i,False
sa,s,g,a,i,False
sa,s,g,a,i,False
sa,s,g,a,ae,False
sa,s,gg,a,ae,False
sa,s,gg,a,yae,False
sa,s,gg,a,ae,False
sa,s,bb,a,ae,False
sa,s,n,a,a,False
sa,s,s,a,ae,False
sa,s,g,a,ae,False
sa,s,g,a,ae,False
sa,s,g,a,a,False
sa,s,g,a,yae,False
sa,s,gg,a,ae,False
sa,s,bb,a,yae,False
sa,s,gg,a,ae,False
sa,s,n,a,ae,False
sa,s,gg,a,ae,False
sa,s,g,a,yae,False
sa,s,g,a,yae,False
sa,s,g,a,ae,False
sa,s,g,a,ae,False
sa,s,n,a,ya,False
sang,s,gg,a,i,False
sang,s,gg,a,ae,False
sang,s,p,a,i,False
sang,s,gg,a,ae,False
sang,s,p,a,yae,False
sang,s,gg,a,i,False
sang,s,gg,a,eo,False
sang,s,gg,a,ae,False
sang,s,p,a,ae,False
sang,s,g,a,yae,False
sang,s,gg,a,ae,False
sang,s,gg,a,eo,False
sang,s,bb,a,i,False
sang,s,gg,a,ae,False
sang,s,gg,a,i,False
sang,s,g,a,i,False
sang,s,bb,a,i,False
sang,s,gg,a,i,False
sang,s,g,a,eo,False
sang,s,gg,a,ae,False
sang,s,gg,a,eo,False
sang,s,gg,a,yae,False
sang,s,g,a,i,False
sang,s,g,a,ae,False
sang,s,bb,a,i,False
sang,s,bb,a,i,False
sang,s,bb,a,i,False
sang,s,gg,a,i,False
sang,s,bb,a,i,False
sang,s,bb,a,i,False
sang,s,g,a,ae,False
sang,s,bb,a,ae,False
sang,s,bb,a,eo,False
sang,s,g,a,ae,False
sang,s,bb,a,i,False
sang,s,g,a,i,False
sang,s,s,a,i,False
sang,s,p,a,i,False
sang,s,gg,a,i,False
sang,s,bb,a,i,False
sang,s,gg,a,ae,False
sang,s,gg,a,i,False
sang,s,bb,a,i,False
sang,s,gg,a,yae,False
sang,s,bb,a,i,False
sang,s,g,a,i,False
sang,s,n,a,i,False
sang,s,bb,a,yae,False
sang,s,bb,a,yae,False
sang,s,p,a,eo,False
sang,s,gg,a,ae,False
sang,s,gg,a,ae,False
sang,s,bb,a,yae,False
sang,s,g,a,ae,False
sang,s,bb,a,i,False
sang,s,bb,a,i,False
sang,s,bb,a,i,False
sang,s,p,a,i,False
sang,s,n,a,i,False
sang,s,gg,a,i,False
sang,s,p,a,i,False
sang,s,gg,a,ae,False
sang,s,p,a,i,False
sang,s,g,a,i,False
sang,s,gg,a,i,False
sang,s,bb,a,i,False
sang,s,bb,a,yae,False
sang,s,p,a,i,False
sang,s,gg,a,eo,False
sang,s,n,a,ae,False
sang,s,p,a,i,False
sang,s,p,a,yae,False
sang,s,g,a,yae,False
sang,s,g,a,yae,False
sang,s,bb,a,i,False
sang,s,gg,a,ae,False
sang,s,gg,a,ae,False
sang,s,gg,a,ae,False
sang,s,p,a,yae,False
sang,s,p,a,yae,False
sang,s,gg,a,i,False
sang,s,gg,a,eo,False
sang,s,bb,a,i,False
sang,s,gg,a,ae,False
sang,s,g,a,i,False
sang,s,g,a,e,False
sang,s,gg,a,i,False
sang,s,gg,a,ae,False
sang,s,gg,a,i,False
sang,s,n,a,yae,False
sang,s,bb,a,i,False
sang,s,gg,a,ye,False
sang,s,bb,a,i,False
sang,s,gg,a,yae,False
sang,s,g,a,i,False
sang,s,g,a,i,False
sang,s,n,a,yae,False
sang,s,p,a,eo,False
sang,s,gg,a,i,False
sang,s,bb,a,i,False
seo,s,gg,eo,ae,False
seo,s,g,eo,ae,False
seo,s,gg,eo,ae,False
seo,s,p,eo,i,False
seo,s,gg,eo,ae,False
seo,s,p,eo,i,False
seo,s,gg,eo,ae,False
seo,s,p,eo,a,False
seo,s,gg,eo,ae,False
seo,s,gg,eo,ae,False
seo,s,gg,eo,ae,False
seo,s,gg,eo,ae,False
seo,s,gg,eo,ae,False
seo,s,g,eo,ye,False
seo,s,g,eo,ae,False
seo,s,k,eo,ya,False
seo,s,gg,eo,ae,False
seo,s,gg,eo,ae,False
seo,s,g,eo,ae,False
seo,s,k,eo,a,False
seo,s,gg,eo,ae,False
seo,s,gg,eo,ae,False
seo,s,gg,eo,e,False
seo,s,gg,eo,ae,False
seo,s,gg,eo,ae,False
seo,s,g,eo,ae,False
seo,s,g,eo,ae,False
seo,s,k,eo,ae,False
seo,s,gg,eo,ae,False
seo,s,g,eo,ae,False
seo,s,n,eo,eo,False
seo,s,d,eo,eo,False
seo,s,gg,eo,ae,False
seo,s,m,eo,ae,False
seo,s,gg,eo,ae,False
seo,s,g,eo,ae,False
seo,s,gg,eo,ae,False
seo,s,g,eo,ae,False
seo,s,gg,eo,ae,False
seo,s,gg,eo,ae,False
seo,s,g,eo,eo,False
seo,s,gg,eo,ae,False
seo,s,gg,eo,ae,False
seo,s,g,eo,ae,False
seo,s,g,eo,ae,False
seo,s,gg,eo,i,False
seo,s,g,eo,ae,False
seo,s,g,eo,yae,False
seo,s,gg,eo,yae,False
seo,s,g,eo,i,False
seo,s,n,eo,ya,False
seo,s,gg,eo,ae,False
seo,s,p,eo,a,False
seo,s,k,eo,ye,False
seo,s,gg,eo,ae,False
seo,s,g,eo,ye,False
seo,s,gg,eo,ae,False
seo,s,gg,eo,ae,False
seo,s,gg,eo,ye,False
seo,s,g,eo,yae,False
seo,s,n,eo,ya,False
seo,s,k,eo,ya,False
seo,s,gg,eo,i,False
seo,s,gg,eo,eo,False
seo,s,g,eo,ae,False
seo,s,g,eo,eo,False
seo,s,gg,eo,ae,False
seo,s,d,eo,ya,False
seo,s,gg,eo,ae,False
seo,s,g,eo,i,False
seo,s,k,eo,i,False
seo,s,bb,eo,e,False
seo,s,bb,eo,ae,False
seo,s,gg,eo,ae,False
seo,s,gg,eo,ae,False
seo,s,gg,eo,ae,False
seo,s,gg,eo,ae,False
seo,s,t,eo,i,False
seo,s,r,eo,ya,False
seo,s,g,eo,ae,False
seo,s,g,eo,i,False
seo,s,k,eo,i,False
seo,s,gg,eo,ae,False
seo,s,g,eo,ae,False
seo,s,gg,eo,ae,False
seo,s,gg,eo,ae,False
seo,s,gg,eo,ae,False
seo,s,g,eo,ae,False
seo,s,gg,eo,ae,False
seo,s,g,eo,ae,False
seo,s,n,eo,i,False
seo,s,gg,eo,ye,False
seo,s,g,eo,ae,False
seo,s,g,eo,yae,False
seo,s,gg,eo,ae,False
seo,s,gg,eo,ae,False
seo,s,gg,eo,ae,False
seo,s,bb,eo,yae,False
seo,s,gg,eo,ae,False
seo,s,g,eo,i,False
seong,s,s,eo,i,False
seong,s,gg,eo,i,False
seong,s,gg,eo,ae,False
seong,s,n,eo,eo,False
seong,s,gg,eo,ae,False
seong,s,k,eo,yo,False
seong,s,n,eo,ae,False
seong,s,n,eo,ae,False
seong,s,n,eo,ae,False
seong,s,n,eo,ae,False
seong,s,gg,eo,eo,False
seong,s,bb,eo,ae,False
seong,s,bb,eo,i,False
seong,s,p,eo,i,False
seong,s,gg,eo,ae,False
seong,s,k,eo,eo,False
seong,s,gg,eo,ae,False
seong,s,p,eo,i,False
seong,s,gg,eo,ae,False
seong,s,gg,eo,i,False
seong,s,gg,eo,ae,False
seong,s,gg,eo,yae,False
seong,s,p,eo,i,False
seong,s,m,eo,i,False
seong,s,gg,eo,ye,False
seong,s,gg,eo,i,False
seong,s,p,eo,i,False
seong,s,gg,eo,ae,False
seong,s,gg,eo,eo,False
seong,s,g,eo,i,False
seong,s,bb,eo,e,False
seong,s,bb,eo,ae,False
seong,s,gg,eo,e,False
seong,s,bb,eo,i,False
seong,s,gg,eo,i,False
seong,s,k,eo,eo,False
seong,s,gg,eo,ae,False
seong,s,g,eo,ae,False
seong,s,bb,eo,ae,False
seong,s,p,eo,i,False
seong,s,b,eo,i,False
seong,s,b,eo,i,False
seong,s,bb,eo,i,False
seong,s,p,eo,ae,False
seong,s,n,eo,i,False
seong,s,gg,eo,ae,False
seong,s,b,eo,ae,False
seong,s,gg,eo,i,False
seong,s,bb,eo,yae,False
seong,s,bb,eo,i,False
seong,s,bb,eo,i,False
seong,s,p,eo,i,False
seong,s,bb,eo,i,False
seong,s,g,eo,ae,False
seong,s,gg,eo,ae,False
seong,s,gg,eo,ae,False
seong,s,g,eo,ae,False
seong,s,k,eo,a,False
seong,s,g,eo,i,False
seong,s,gg,eo,ye,False
seong,s,p,eo,i,False
seong,s,gg,eo,i,False
seong,s,gg,eo,eo,False
seong,s,gg,eo,ae,False
seong,s,gg,eo,ye,False
seong,s,gg,eo,ae,False
seong,s,bb,eo,i,False
seong,s,gg,eo,eo,False
seong,s,gg,eo,e,False
seong,s,g,eo,ae,False
seong,s,gg,eo,i,False
seong,s,bb,eo,i,False
seong,s,g,eo,ae,False
seong,s,gg,eo,ae,False
seong,s,gg,eo,ae,False
seong,s,gg,eo,ye,False
seong,s,p,eo,eo,False
seong,s,gg,eo,eo,False
seong,s,gg,eo,ae,False
seong,s,p,eo,i,False
seong,s,gg,eo,yae,False
seong,s,gg,eo,i,False
seong,s,gg,eo,e,False
seong,s,g,eo,ae,False
seong,s,bb,eo,ae,False
seong,s,gg,eo,ae,False
seong,s,bb,eo,eo,False
seong,s,gg,eo,ae,False
seong,s,gg,eo,i,False
seong,s,gg,eo,ye,False
seong,s,bb,eo,yae,False
seong,s,n,eo,i,False
seong,s,gg,eo,ae,False
seong,s,gg,eo,ye,False
seong,s,gg,eo,i,False
seong,s,gg,eo,ye,False
seong,s,gg,eo,ae,False
seong,s,n,eo,ae,False
seong,s,bb,eo,ae,False
seong,s,g,eo,ae,False
seu,s,d,eu,eu,False
seu,s,n,eu,eu,False
seu,s,g,eu,i,False
seu,s,g,eu,ae,False
seu,s,g,eu,i,False
seu,s,k,eu,eu,False
seu,s,s,eu,ae,False
seu,s,t,eu,eu,False
seu,s,d,eu,eu,False
seu,s,n,eu,ae,False
seu,s,d,eu,eu,False
seu,s,r,eu,eu,False
seu,s,g,eu,i,False
seu,s,gg,eu,ae,False
seu,s,r,eu,eu,False
seu,s,d,eu,eu,False
seu,s,m,eu,eu,False
seu,s,g,eu,ae,False
seu,s,d,eu,eu,False
seu,s,n,eu,ae,False
seu,s,t,eu,eu,False
seu,s,d,eu,eu,False
seu,s,g,eu,ae,False
seu,s,g,eu,ae,False
seu,s,s,eu,ye,False
seu,s,r,eu,eu,False
seu,s,g,eu,ae,False
seu,s,g,eu,ye,False
seu,s,d,eu,eu,False
seu,s,g,eu,ae,False
seu,s,d,eu,eu,False
seu,s,s,eu,yae,False
seu,s,t,eu,eu,False
seu,s,s,eu,ae,False
seu,s,s,eu,i,False
seu,s,g,eu,ae,False
seu,s,s,eu,yae,False
seu,s,g,eu,ya,False
seu,s,s,eu,ya,False
seu,s,s,eu,a,False
seu,s,s,eu,i,False
seu,s,s,eu,e,False
seu,s,s,eu,yae,False
seu,s,s,eu,ae,False
seu,s,g,eu,eu,False
seu,s,s,eu,ae,False
seu,s,s,eu,ae,False
seu,s,t,eu,eu,False
seu,s,g,eu,ya,False
seu,s,g,eu,ae,False
seu,s,s,eu,ya,False
seu,s,g,eu,ae,False
seu,s,s,eu,yae,False
seu,s,g,eu,i,False
seu,s,s,eu,i,False
seu,s,g,eu,ae,False
seu,s,d,eu,eu,False
seu,s,g,eu,ae,False
seu,s,s,eu,i,False
seu,s,g,eu,ae,False
seu,s,n,eu,ae,False
seu,s,s,eu,ae,False
seu,s,g,eu,ae,False
seu,s,g,eu,ya,False
seu,s,n,eu,ae,False
seu,s,g,eu,yae,False
seu,s,g,eu,ae,False
seu,s,g,eu,ae,False
seu,s,d,eu,yae,False
seu,s,s,eu,ye,False
seu,s,s,eu,yae,False
seu,s,s,eu,yae,False
seu,s,g,eu,ya,False
seu,s,n,eu,yae,False
seu,s,g,eu,ae,False
seu,s,g,eu,ae,False
seu,s,d,eu,eu,False
seu,s,g,eu,ae,False
seu,s,s,eu,i,False
seu,s,g,eu,a,False
seu,s,s,eu,yae,False
seu,s,g,eu,i,False
seu,s,g,eu,yae,False
seu,s,s,eu,eo,False
seu,s,g,eu,yae,False
seu,s,g,eu,ae,False
seu,s,p,eu,eu,False
seu,s,r,eu,eu,False
seu,s,s,eu,eu,True
seu,s,d,eu,eu,False
seu,s,s,eu,yae,False
seu,s,g,eu,i,False
seu,s,g,eu,yae,False
seu,s,s,eu,yae,False
seu,s,d,eu,eu,False
seu,s,s,eu,ae,False
seu,s,g,eu,e,False
seu,s,g,eu,ae,False
seu,s,d,eu,eu,False
seu,s,d,eu,eu,False
si,s,gg,i,ae,False
si,s,gg,i,ae,False
si,s,gg,i,ae,False
si,s,gg,i,i,False
si,s,gg,i,ae,False
si,s,gg,i,i,False
si,s,g,i,i,False
si,s,g,i,ae,False
si,s,g,i,i,False
si,s,g,i,i,False
si,s,gg,i,ae,False
si,s,gg,i,ye,False
si,s,gg,i,ae,False
si,s,gg,i,ae,False
si,s,gg,i,ae,False
si,s,p,i,a,False
si,s,g,i,i,False
si,s,g,i,ae,False
si,s,g,i,i,False
si,s,g,i,i,False
si,s,g,i,ae,False
si,s,gg,i,ae,False
si,s,gg,i,ae,False
si,s,gg,i,ae,False
si,s,gg,i,yae,False
si,s,gg,i,ae,False
si,s,g,i,i,False
si,s,g,i,i,False
si,s,gg,i,ae,False
si,s,g,i,ae,False
si,s,gg,i,ae,False
si,s,gg,i,ye,False
si,s,gg,i,ae,False
si,s,g,i,i,False
si,s,gg,i,ae,False
si,s,g,i,yae,False
si,s,gg,i,ae,False
si,s,g,i,yae,False
si,s,g,i,i,False
si,s,gg,i,ae,False
si,s,g,i,ae,False
si,s,gg,i,i,False
si,s,g,i,ae,False
si,s,g,i,i,False
si,s,g,i,yae,False
si,s,g,i,i,False
si,s,g,i,i,False
si,s,g,i,i,False
si,s,g,i,ae,False
si,s,g,i,i,False
si,s,gg,i,ae,False
si,s,gg,i,ae,False
si,s,gg,i,ae,False
si,s,g,i,ae,False
si,s,g,i,i,False
si,s,g,i,i,False
si,s,gg,i,i,False
si,s,g,i,i,False
si,s,n,i,a,False
si,s,g,i,i,False
si,s,gg,i,i,False
si,s,gg,i,i,False
si,s,g,i,i,False
si,s,g,i,i,False
si,s,g,i,eo,False
si,s,g,i,ae,False
si,s,g,i,i,False
si,s,g,i,ae,False
si,s,g,i,i,False
si,s,g,i,i,False
si,s,gg,i,ae,False
si,s,gg,i,ae,False
si,s,g,i,yae,False
si,s,g,i,i,False
si,s,gg,i,ye,False
si,s,g,i,ye,False
si,s,g,i,i,False
si,s,g,i,yae,False
si,s,g,i,i,False
si,s,g,i,ae,False
si,s,gg,i,ae,False
si,s,gg,i,i,False
si,s,g,i,i,False
si,s,g,i,yae,False
si,s,g,i,i,False
si,s,g,i,i,False
si,s,g,i,i,False
si,s,g,i,i,False
si,s,g,i,i,False
si,s,k,i,ae,False
si,s,gg,i,yae,False
si,s,gg,i,eo,False
si,s,gg,i,ae,False
si,s,g,i,i,False
si,s,g,i,ae,False
si,s,g,i,i,False
si,s,g,i,i,False
si,s,g,i,i,False
si,s,g,i,ae,False
si,s,g,i,ae,False
so,s,m,o,eu,False
so,s,d,o,eu,False
so,s,g,o,ae,False
so,s,n,o,i,False
so,s,s,o,a,False
so,s,g,o,i,False
so,s,g,o,i,False
so,s,g,o,i,False
so,s,n,o,i,False
so,s,g,o,i,False
so,s,m,o,eu,False
so,s,n,o,i,False
so,s,s,o,a,False
so,s,n,o,ae,False
so,s,s,o,i,False
so,s,n,o,i,False
so,s,n,o,ya,False
so,s,gg,o,i,False
so,s,g,o,i,False
so,s,g,o,a,False
so,s,m,o,eu,False
so,s,s,o,i,False
so,s,g,o,e,False
so,s,g,o,a,False
so,s,g,o,i,False
so,s,n,o,a,False
so,s,n,o,ya,False
so,s,r,o,eu,False
so,s,g,o,i,False
so,s,s,o,i,False
so,s,n,o,i,False
so,s,s,o,i,False
so,s,s,o,i,False
so,s,s,o,ae,False
so,s,n,o,ya,False
so,s,g,o,ya,False
so,s,n,o,yae,False
so,s,d,o,eu,False
so,s,r,o,eu,False
so,s,s,o,ae,False
so,s,n,o,i,False
so,s,s,o,ae,False
so,s,s,o,ae,False
so,s,s,o,i,False
so,s,g,o,i,False
so,s,g,o,i,False
so,s,k,o,a,False
so,s,g,o,i,False
so,s,s,o,i,False
so,s,s,o,i,False
so,s,g,o,i,False
so,s,n,o,ae,False
so,s,g,o,ae,False
so,s,s,o,i,False
so,s,s,o,e,False
so,s,s,o,i,False
so,s,g,o,i,False
so,s,g,o,i,False
so,s,g,o,i,False
so,s,s,o,yae,False
so,s,s,o,i,False
so,s,s,o,i,False
so,s,t,o,eu,False
so,s,r,o,eu,False
so,s,n,o,ae,False
so,s,g,o,i,False
so,s,s,o,i,False
so,s,g,o,i,False
so,s,g,o,ae,False
so,s,s,o,ae,False
so,s,s,o,i,False
so,s,s,o,ae,False
so,s,n,o,ae,False
so,s,n,o,ae,False
so,s,g,o,i,False
so,s,n,o,ye,False
so,s,s,o,i,False
so,s,s,o,i,False
so,s,n,o,i,False
so,s,g,o,yae,False
so,s,k,o,eu,False
so,s,n,o,ae,False
so,s,n,o,ae,False
so,s,s,o,yae,False
so,s,d,o,eu,False
so,s,s,o,i,False
so,s,g,o,ae,False
so,s,g,o,i,False
so,s,s,o,i,False
so,s,g,o,eo,False
so,s,s,o,e,False
so,s,n,o,e,False
so,s,s,o,i,False
so,s,s,o,ae,False
so,s,d,o,eu,False
so,s,g,o,i,False
so,s,g,o,i,False
so,s,gg,o,i,False
so,s,g,o,eu,False
so,s,g,o,i,False
su,s,s,u,i,False
su,s,s,u,ae,False
su,s,s,u,yae,False
su,s,s,u,ae,False
su,s,g,u,e,False
su,s,n,u,ae,False
su,s,s,u,ya,False
su,s,s,u,i,False
su,s,s,u,ae,False
su,s,s,u,ae,False
su,s,s,u,yae,False
su,s,s,u,ae,False
su,s,s,u,ae,False
su,s,s,u,ae,False
su,s,g,u,ae,False
su,s,s,u,yae,False
su,s,s,u,ae,False
su,s,s,u,ae,False
su,s,s,u,yae,False
su,s,s,u,ae,False
su,s,s,u,ae,False
su,s,s,u,ae,False
su,s,s,u,ae,False
su,s,s,u,ae,False
su,s,s,u,i,False
su,s,s,u,i,False
su,s,s,u,yae,False
su,s,s,u,ae,False
su,s,g,u,ae,False
su,s,s,u,yae,False
su,s,s,u,eo,False
su,s,s,u,e,False
su,s,s,u,yae,False
su,s,g,u,i,False
su,s,s,u,ye,False
su,s,s,u,yae,False
su,s,s,u,yae,False
su,s,s,u,yae,False
su,s,s,u,eo,False
su,s,s,u,yae,False
su,s,g,u,yae,False
su,s,s,u,ya,False
su,s,s,u,i,False
su,s,n,u,i,False
su,s,s,u,i,False
su,s,s,u,ae,False
su,s,s,u,yae,False
su,s,s,u,ae,False
su,s,s,u,ae,False
su,s,s,u,i,False
su,s,g,u,ae,False
su,s,g,u,yae,False
su,s,s,u,i,False
su,s,s,u,i,False
su,s,s,u,i,False
su,s,s,u,i,False
su,s,s,u,i,False
su,s,s,u,i,False
su,s,s,u,i,False
su,s,s,u,a,False
su,s,s,u,yae,False
su,s,s,u,ae,False
su,s,s,u,ae,False
su,s,n,u,ae,False
su,s,g,u,eu,False
su,s,s,u,ae,False
su,s,s,u,ae,False
su,s,g,u,ae,False
su,s,s,u,yae,False
su,s,s,u,yae,False
su,s,d,u,eu,False
su,s,s,u,ae,False
su,s,s,u,ae,False
su,s,s,u,yae,False
su,s,s,u,ae,False
su,s,s,u,eo,False
su,s,s,u,i,False
su,s,s,u,i,False
su,s,g,u,ae,False
su,s,g,u,yae,False
su,s,g,u,yae,False
su,s,g,u,ae,False
su,s,s,u,yae,False
su,s,g,u,ae,False
su,s,s,u,ya,False
su,s,s,u,i,False
su,s,s,u,yae,False
su,s,g,u,yae,False
su,s,s,u,i,False
su,s,s,u,ae,False
su,s,s,u,ae,False
su,s,s,u,e,False
su,s,s,u,ae,False
su,s,n,u,ae,False
su,s,s,u,yae,False
su,s,s,u,ae,False
su,s,s,u,i,False
su,s,s,u,yae,False
su,s,s,u,ae,False
su,s,s,u,ae,False
